# x y z
103.577 87.184 109.539
61.848 66.200 38.263
122.952 115.500 39.677
35.023 105.068 116.990
72.281 142.326 76.752
121.461 55.887 57.780
76.752 35.023 117.169
112.519 143.816 116.990
148.287 93.145 78.242
52.906 67.810 87.493
75.261 73.771 148.287
73.771 115.500 35.167
73.771 125.932 140.835
128.913 109.539 140.835
149.777 76.752 119.971
87.184 88.674 69.300
85.694 42.474 76.752
112.519 57.377 137.855
114.010 118.481 81.494
51.416 108.048 68.112
105.068 82.713 36.758
127.423 57.377 94.635
75.261 111.029 106.768
52.906 63.339 123.250
131.894 105.068 108.048
116.990 82.713 78.527
36.513 81.223 63.339
81.223 64.829 109.780
90.165 121.461 60.627
85.694 139.345 103.781
90.165 60.358 53.183
103.577 116.990 125.932
66.319 90.165 124.442
54.397 94.635 97.799
55.887 126.140 92.286
100.597 45.455 106.870
94.635 67.810 85.951
127.423 82.713 53.128
76.752 88.674 40.984
64.829 60.358 64.829
75.261 109.539 80.036
122.952 81.223 125.932
106.558 102.087 54.650
99.106 139.345 76.990
112.519 42.474 79.732
63.339 127.423 56.245
64.829 48.435 99.268
134.874 112.519 69.613
75.604 83.055 93.145
62.341 84.695 60.358
97.616 99.106 88.674
63.339 105.068 146.797
61.848 125.932 120.142
112.519 64.829 112.806
111.029 124.442 103.900
106.558 122.952 148.287
115.500 127.423 60.358
121.461 76.752 148.287
73.771 106.558 57.581
91.655 121.461 92.008
100.597 118.481 41.209
54.397 78.242 139.345
127.423 121.461 121.736
129.060 84.203 96.590
106.558 70.790 63.694
39.494 94.635 80.216
115.500 61.848 38.129
46.945 85.694 115.500
134.874 73.771 70.790
73.771 64.829 129.154
116.990 100.597 121.626
82.713 112.519 125.932
55.887 106.558 116.990
75.261 58.868 82.713
127.423 102.087 87.184
82.713 90.165 112.519
94.635 67.810 124.442
131.894 69.300 111.029
100.597 108.048 108.295
93.145 99.106 36.790
103.577 49.926 63.585
61.973 90.165 80.206
64.829 75.261 108.349
116.990 63.339 78.440
90.165 79.732 51.702
130.403 93.145 69.652
63.339 102.087 42.668
73.771 76.752 75.261
90.911 129.657 118.481
99.106 106.558 70.790
73.771 125.932 96.293
124.442 105.068 56.175
49.926 70.790 69.526
72.281 72.281 51.707
106.558 58.868 96.407
148.287 90.165 108.048
75.261 125.932 69.681
125.932 127.423 94.635
90.165 52.906 94.944
115.500 97.616 102.276
96.126 70.790 103.765
88.674 97.616 54.890
63.339 111.029 94.635
79.732 51.416 63.670
48.435 111.029 102.404
121.461 52.906 124.442
102.087 82.713 87.416
46.849 79.732 97.909
118.481 105.068 72.668
70.790 49.926 121.461
64.829 109.539 130.662
88.674 72.281 68.010
96.126 149.777 111.029
117.732 70.790 95.377
60.358 81.223 44.179
112.519 73.771 48.641
66.319 64.829 96.126
84.203 122.952 45.718
99.106 51.416 80.011
108.048 88.674 66.560
118.481 81.223 108.259
81.223 76.752 121.651
133.384 93.145 118.481
96.126 121.461 76.752
99.106 52.906 127.681
85.694 134.874 84.203
48.435 93.145 63.569
140.835 94.635 94.635
131.894 70.790 87.474
114.010 106.558 136.365
79.732 94.635 82.929
84.203 140.835 66.702
105.211 128.913 89.121
133.384 116.990 85.694
67.810 91.655 108.298
54.397 103.577 84.409
85.694 48.435 109.856
49.926 76.752 54.624
112.519 96.126 84.555
106.558 58.868 50.170
128.913 119.971 57.679
108.048 78.242 124.442
100.597 136.365 105.371
63.339 75.261 124.804
72.281 93.145 69.575
145.306 103.577 63.339
111.029 128.913 118.481
118.481 94.635 47.113
39.494 93.440 96.421
48.435 82.713 81.722
61.848 60.358 109.694
91.655 73.771 38.104
121.461 70.790 63.537
76.752 125.932 115.773
91.655 119.971 106.814
84.203 105.068 68.083
116.990 114.010 114.218
64.829 120.118 80.244
76.752 88.674 56.138
107.551 71.288 138.350
85.694 125.932 132.153
87.184 58.868 73.961
64.829 64.829 140.835
76.752 133.384 56.080
58.868 101.338 56.628
79.732 103.577 41.187
102.087 130.403 65.105
111.029 115.500 51.613
87.184 105.068 112.773
85.694 81.223 82.972
116.990 67.056 128.160
127.423 97.616 130.886
79.732 112.519 93.145
63.339 115.500 66.591
121.461 109.539 97.616
81.223 63.339 42.697
96.126 57.377 112.923
73.771 100.597 118.671
78.242 122.952 83.157
108.048 106.558 41.272
70.790 116.990 48.779
60.358 78.242 94.931
45.455 97.616 108.221
58.868 64.829 53.147
63.339 66.319 78.504
100.597 88.674 53.230
118.481 136.365 102.087
99.106 81.223 74.080
134.874 84.203 79.732
102.087 112.519 139.676
106.558 109.539 88.674
73.771 73.771 38.178
116.990 52.906 87.184
60.358 116.990 109.539
112.519 130.403 73.771
90.165 39.494 100.597
91.655 87.184 30.552
78.242 78.242 108.048
67.810 78.242 137.855
102.087 63.339 73.982
94.635 139.345 93.145
96.126 111.029 51.416
103.577 97.999 117.373
75.261 109.539 142.794
121.461 84.328 65.271
134.874 82.713 108.422
99.106 142.326 121.461
73.771 54.397 106.844
40.231 71.528 90.165
112.519 115.500 64.829
78.606 66.319 62.213
54.397 84.203 127.562
128.913 108.048 123.372
102.087 125.932 51.669
61.848 100.597 71.171
121.461 52.906 72.281
45.455 114.010 115.712
91.655 111.029 84.489
116.990 116.990 127.779
82.713 45.455 122.952
96.126 35.023 76.752
136.365 109.539 54.752
90.165 148.287 75.261
108.048 73.771 79.931
67.810 97.616 88.674
67.810 73.771 63.696
137.855 102.087 80.039
99.106 60.358 137.855
102.087 96.126 77.183
115.500 81.223 138.143
90.165 111.029 39.494
82.713 69.300 136.720
55.887 55.887 94.635
97.616 69.300 48.663
73.771 121.659 129.111
67.810 131.894 82.887
136.365 63.339 100.878
102.087 73.771 114.223
78.242 118.481 59.104
70.790 115.500 118.756
139.345 70.790 122.952
114.010 88.674 120.190
124.442 118.481 72.475
82.713 69.300 88.674
60.358 114.010 54.587
58.868 78.242 77.029
103.577 119.971 112.519
109.539 54.397 121.461
52.906 69.300 99.601
105.068 70.790 94.635
90.165 79.732 109.539
87.184 127.423 71.184
97.616 96.126 64.965
109.539 52.906 73.961
55.887 91.655 109.939
93.145 115.500 120.136
105.068 38.003 63.339
106.558 94.635 41.177
115.500 97.616 63.587
39.494 72.281 75.261
51.416 115.500 89.021
75.261 61.848 147.020
91.655 49.926 64.829
122.952 94.635 112.826
79.732 97.616 103.726
114.010 119.971 93.291
64.829 103.577 109.800
134.874 81.445 120.194
85.694 57.377 118.481
85.694 140.835 115.500
121.461 72.281 115.680
81.223 49.926 87.475
70.790 61.848 117.175
82.713 127.423 105.283
67.810 90.165 48.678
118.481 67.810 140.835
91.655 91.655 80.135
55.887 76.752 115.666
134.874 106.558 94.941
79.732 78.242 60.358
96.126 43.965 90.486
63.339 125.932 131.894
94.635 63.339 63.614
100.597 115.500 63.654
122.952 60.358 115.765
111.029 60.358 61.848
124.442 90.165 83.107
88.674 35.023 111.029
52.906 82.713 66.520
70.790 70.790 87.466
78.242 66.319 73.982
49.926 93.145 87.395
75.261 114.010 69.533
85.694 116.990 75.557
140.835 88.674 69.512
130.403 94.635 103.893
116.990 93.145 74.133
84.203 102.087 90.165
84.203 109.539 54.397
122.952 70.790 51.750
118.481 81.223 42.615
133.384 102.087 63.468
64.829 88.674 94.850
90.165 133.384 60.718
114.010 116.990 142.326
45.455 102.087 119.971
64.829 129.233 72.281
73.771 52.026 73.951
69.300 61.848 48.877
66.319 81.223 85.957
96.126 43.965 116.990
122.952 72.281 75.437
82.713 81.223 35.212
73.771 43.965 111.210
79.732 136.365 94.856
99.106 125.932 101.084
35.023 90.165 71.067
106.558 114.010 74.083
90.165 102.087 76.907
105.068 61.848 85.902
60.498 66.319 130.849
99.106 97.616 105.190
119.971 124.442 112.519
73.771 127.423 47.220
40.984 87.184 105.298
88.674 88.674 40.984
106.558 106.558 124.442
82.713 73.771 45.655
96.126 84.203 62.158
105.068 64.829 123.246
111.029 81.223 59.160
64.829 108.048 82.713
35.023 95.013 109.916
79.732 57.377 53.349
109.539 84.203 48.435
96.126 61.848 96.385
108.048 75.261 105.334
110.040 76.752 147.298
124.442 104.008 45.455
75.261 58.868 96.547
69.300 121.461 105.592
106.558 67.810 38.274
130.403 72.281 100.789
122.952 64.829 87.448
100.597 133.384 115.719
67.810 116.990 140.835
127.423 91.655 59.028
51.416 99.106 73.978
105.068 55.887 106.558
73.771 84.203 115.700
111.029 106.499 106.753
142.326 72.281 112.837
112.519 84.203 88.674
116.990 108.048 87.418
49.926 121.461 103.577
57.377 73.771 61.848
121.461 105.068 109.792
119.971 94.635 91.896
128.913 108.048 77.041
133.384 82.713 65.114
99.106 43.965 70.988
106.558 48.435 97.616
115.500 130.403 90.408
122.952 115.500 50.139
97.616 73.771 59.201
73.771 137.855 65.023
118.481 61.848 48.768
67.810 102.087 137.855
61.848 100.597 123.110
94.635 75.261 93.145
58.868 112.519 75.426
57.377 82.713 103.752
122.952 109.539 132.185
88.674 70.790 114.412
68.140 94.966 60.358
75.261 97.616 51.416
125.932 85.694 117.276
116.990 90.165 56.144
90.165 58.868 84.203
143.816 85.694 115.984
124.442 81.223 87.892
109.539 100.597 93.145
43.965 84.203 71.030
78.242 85.694 76.752
102.087 118.481 87.184
57.377 91.655 69.695
74.581 72.281 115.500
108.048 105.068 78.498
125.932 108.048 66.624
60.358 60.358 86.016
94.635 72.281 76.976
133.384 91.655 87.390
85.694 112.519 103.749
87.184 87.184 57.682
73.771 108.048 126.109
70.790 114.010 88.674
97.616 82.713 45.751
109.539 136.365 109.817
60.358 122.952 100.597
94.635 139.345 68.101
106.558 99.106 68.043
84.203 96.126 33.716
116.990 73.771 84.203
90.165 57.377 103.786
112.519 46.945 66.590
88.674 124.442 83.066
67.810 51.416 90.333
91.655 103.577 45.794
69.300 55.498 56.426
111.029 96.126 111.197
140.835 96.126 112.775
139.345 114.010 78.242
85.694 121.461 123.144
52.906 61.848 72.281
115.500 106.558 48.605
106.558 111.029 148.287
75.261 81.223 47.185
122.952 121.461 87.442
111.029 51.416 54.644
106.558 121.461 137.855
100.597 91.655 34.032
71.374 102.376 66.615
103.577 127.423 78.550
91.655 76.752 121.461
61.848 75.261 51.678
63.339 69.300 115.831
79.732 114.010 42.647
88.674 114.010 66.623
84.203 96.126 63.339
51.416 66.319 60.358
70.790 108.048 44.153
81.223 127.423 62.208
127.423 63.339 62.130
115.168 109.539 35.492
82.713 87.184 48.435
103.577 78.242 53.074
127.423 82.713 72.668
82.713 66.319 125.932
70.790 81.223 125.932
67.810 122.952 41.168
45.455 76.752 63.513
112.519 75.261 114.010
102.087 102.087 35.213
78.242 115.500 134.874
66.319 85.694 69.577
61.848 84.203 115.773
105.068 66.319 106.809
102.087 52.906 90.460
60.358 67.810 69.572
125.183 118.727 133.384
67.810 66.319 57.808
114.010 69.423 57.824
93.145 131.894 109.539
64.829 75.443 35.584
54.397 78.242 87.502
115.500 64.829 103.864
72.281 100.597 79.990
61.848 118.481 89.072
55.887 87.184 136.365
73.771 69.300 139.642
69.300 121.461 60.358
121.461 72.281 103.824
106.558 108.048 61.848
100.597 124.442 120.144
87.184 67.810 58.868
90.165 131.894 96.454
52.906 103.577 93.558
93.145 119.788 51.663
111.029 115.500 41.222
48.435 72.281 78.496
57.377 109.346 103.803
72.281 63.339 105.269
97.616 93.145 45.762
85.694 69.300 79.976
79.732 119.971 100.798
119.971 112.519 60.358
81.223 143.816 75.261
61.848 58.868 118.759
122.952 88.674 105.285
76.752 79.732 84.439
102.087 66.319 56.096
63.339 94.635 115.724
48.435 106.558 111.311
78.242 52.906 115.629
61.848 114.010 119.971
108.048 93.145 56.074
82.713 134.874 74.120
105.068 76.752 44.194
66.319 103.577 51.860
96.126 55.887 72.641
127.423 97.616 77.017
76.752 131.894 87.499
106.558 63.339 133.565
96.126 102.087 57.586
108.048 122.952 71.108
134.874 82.713 88.674
140.835 97.616 103.837
108.048 111.029 114.010
63.339 108.048 60.695
57.377 91.655 57.524
79.732 108.048 118.711
73.771 84.203 63.512
43.965 93.145 72.559
127.423 100.960 117.354
85.694 122.952 114.298
97.616 105.068 81.433
108.048 122.952 57.658
127.423 112.519 115.769
54.397 75.261 127.750
105.068 88.674 81.463
100.597 61.848 44.228
128.913 72.281 58.868
67.810 106.558 74.078
70.790 90.165 81.514
85.694 114.010 112.519
142.326 100.597 72.506
69.300 130.403 62.118
125.932 102.087 99.370
67.810 58.868 131.894
121.461 63.339 70.790
70.790 60.358 74.085
57.377 87.184 90.367
119.971 58.868 133.384
97.616 52.906 102.295
81.223 52.906 78.568
69.300 69.300 71.136
127.423 78.242 112.830
111.029 64.829 91.655
82.853 111.029 84.660
111.029 119.971 117.197
54.397 90.165 118.481
109.539 112.519 130.592
54.397 99.106 105.358
130.403 76.752 78.495
102.087 103.577 47.246
116.990 72.281 41.239
67.810 82.713 53.302
55.887 118.481 60.654
114.010 69.300 68.024
79.732 103.577 75.487
94.635 79.732 81.525
105.068 57.377 67.942
115.500 114.010 74.153
75.261 93.145 122.952
118.481 75.261 130.644
78.242 102.087 111.029
66.319 118.481 125.932
93.145 112.519 75.550
84.203 85.694 105.229
72.281 87.184 102.397
66.319 69.300 45.667
94.635 55.887 59.235
61.848 81.223 130.873
98.359 84.568 115.878
54.397 100.597 65.025
63.339 114.010 45.702
100.597 111.029 120.170
79.732 121.461 92.024
81.223 60.358 67.810
119.971 116.990 106.747
136.365 88.674 102.316
88.674 67.810 47.215
78.242 118.481 109.770
49.926 85.694 106.751
118.481 78.242 71.230
78.242 66.319 53.166
118.481 78.242 56.197
127.423 75.261 93.350
115.500 88.674 111.189
84.203 40.984 115.829
79.732 125.932 53.150
88.674 99.106 106.850
103.577 60.358 115.771
46.945 99.106 81.223
102.087 142.326 111.259
72.281 73.771 132.161
54.397 75.261 106.558
125.932 114.010 90.165
84.203 128.913 90.165
82.713 60.834 87.660
122.952 66.319 109.810
108.048 133.384 102.087
114.010 136.950 121.461
45.455 88.674 93.145
114.010 106.558 65.172
85.694 48.435 70.991
60.358 72.281 136.602
69.300 108.048 115.500
85.694 87.184 88.674
93.145 51.416 86.100
75.261 90.165 88.989
93.145 133.384 87.372
119.971 108.048 124.665
76.752 61.848 137.855
121.461 102.087 81.543
61.848 91.841 102.672
84.203 93.145 75.490
89.256 84.203 75.843
67.810 55.887 100.895
109.539 66.319 51.698
100.597 112.519 79.923
58.868 82.713 53.175
52.906 115.500 112.519
63.339 100.597 79.732
109.539 76.752 90.165
75.261 131.894 75.585
87.184 115.500 47.170
70.790 99.106 44.124
66.319 111.029 106.863
105.214 100.597 86.160
115.500 54.397 65.102
114.010 67.810 120.221
82.713 82.713 115.767
82.713 96.126 42.474
97.616 131.894 74.119
54.397 90.165 77.100
125.932 102.457 138.225
88.674 79.732 42.725
93.145 111.029 111.363
103.577 54.397 56.235
75.261 75.261 66.496
75.261 67.810 81.419
70.790 125.932 87.445
91.655 63.339 109.821
97.616 69.300 68.147
116.990 128.913 99.402
69.432 82.713 78.675
141.576 88.674 79.732
90.165 98.313 84.404
69.300 79.732 41.216
97.616 106.558 41.259
81.223 124.442 75.674
75.261 67.810 45.685
116.990 102.087 56.091
122.952 63.339 97.616
60.358 58.868 100.597
115.500 57.377 115.801
122.952 127.423 63.339
51.416 99.106 115.500
67.810 63.339 87.462
125.932 114.010 81.471
111.029 72.281 129.129
76.752 128.913 130.602
54.397 115.500 96.409
67.810 124.442 112.818
61.848 67.810 106.941
106.558 75.261 72.281
76.752 111.029 51.749
108.048 122.952 84.203
105.068 96.126 48.816
73.771 60.358 65.122
128.913 93.145 96.284
88.674 119.971 99.505
73.771 106.558 87.184
39.053 97.616 118.921
96.126 64.829 117.303
105.068 146.797 116.990
90.165 46.945 103.577
109.539 55.887 81.223
128.913 109.539 48.756
90.165 109.993 92.109
90.288 42.474 66.745
115.500 121.461 69.300
51.416 82.713 74.177
93.145 90.940 52.906
96.126 121.461 114.216
46.945 93.145 99.427
114.010 64.829 135.169
60.358 67.810 123.228
97.616 60.358 88.927
112.519 129.214 109.840
79.732 122.952 136.365
69.300 114.010 75.546
96.126 87.184 69.300
84.203 106.558 47.256
100.597 79.732 66.619
108.048 81.223 82.713
93.145 52.906 118.481
100.597 135.018 86.124
109.539 91.655 75.541
69.300 127.423 121.461
75.261 91.655 114.397
63.339 96.126 53.125
63.339 100.597 63.615
97.616 81.223 108.321
128.913 118.481 65.228
119.971 60.358 123.293
49.926 105.068 60.659
78.242 82.713 69.573
99.106 111.418 87.572
82.713 57.377 97.616
64.829 121.461 51.659
133.384 103.577 72.737
58.868 76.752 69.530
100.597 72.399 84.599
64.829 82.713 105.436
102.087 118.481 48.702
63.339 82.713 123.180
72.281 112.519 62.095
70.790 99.106 108.216
134.874 91.655 63.678
105.068 128.913 111.338
127.423 81.223 60.632
122.952 115.500 123.252
66.319 109.539 141.102
134.874 103.577 87.385
122.952 94.635 69.459
136.365 76.752 114.334
97.616 84.203 36.802
67.810 69.300 123.201
116.990 87.184 47.168
82.713 60.358 79.922
70.790 121.461 75.545
93.145 94.635 30.552
61.848 75.261 84.476
79.732 133.384 66.676
121.461 93.145 99.328
69.300 112.519 54.736
63.339 76.752 117.290
134.874 67.810 94.936
55.887 69.300 117.235
69.300 72.281 80.031
58.868 103.577 48.600
69.300 49.926 112.519
75.261 121.461 121.687
58.868 64.829 60.707
119.971 93.145 121.461
97.616 108.048 63.534
76.752 87.184 108.478
121.461 106.558 117.418
110.121 127.423 96.709
99.106 121.461 67.997
112.519 57.377 92.072
73.771 49.926 100.805
120.701 79.732 116.230
93.145 127.423 66.626
82.713 116.990 53.271
102.087 91.655 60.358
102.087 73.771 121.707
60.358 102.087 88.674
69.300 115.500 132.109
99.106 118.481 106.715
87.184 116.990 85.921
94.635 73.771 111.029
78.242 99.106 66.707
124.442 75.261 82.713
103.577 58.868 127.750
109.539 54.397 128.913
112.519 114.010 88.674
94.635 143.816 99.106
81.223 81.223 42.738
66.319 75.261 91.655
87.184 64.829 120.207
112.519 60.358 124.712
87.184 130.403 78.480
91.655 139.345 111.369
109.539 102.087 115.778
116.990 115.500 135.030
81.223 94.635 54.634
82.713 87.184 63.598
58.868 72.281 45.637
48.435 81.223 90.615
82.713 72.281 63.511
131.894 90.165 109.539
115.500 105.068 41.299
94.635 42.474 109.967
111.029 109.539 142.674
121.461 67.810 121.461
42.474 72.281 82.713
105.068 57.377 140.835
105.068 139.345 118.481
69.300 70.790 145.306
96.126 124.442 57.650
85.694 54.397 66.622
114.010 69.300 75.487
88.674 75.261 85.922
94.635 105.068 105.348
79.732 103.577 54.636
49.926 114.010 121.461
39.494 100.597 111.277
79.732 78.242 53.086
57.377 69.300 81.395
94.635 63.339 71.027
119.971 122.952 96.126
115.500 122.952 54.662
58.868 122.952 114.259
134.874 84.203 72.506
85.694 40.984 108.255
102.087 78.242 79.967
67.810 66.319 111.029
79.732 103.577 84.454
102.087 94.635 111.029
61.848 93.145 63.339
61.848 109.539 114.284
114.010 81.223 121.762
146.797 94.846 71.426
91.655 108.048 56.092
109.539 60.358 75.687
90.165 76.752 73.771
106.558 87.184 42.740
58.868 79.732 110.007
118.481 111.029 53.263
84.203 75.261 111.320
115.500 103.871 94.929
115.500 72.647 145.673
55.887 103.577 77.025
122.952 79.732 48.614
97.616 56.118 65.576
103.577 46.945 76.989
93.145 94.635 73.984
90.165 72.281 54.397
90.165 39.494 81.223
78.242 128.913 121.901
93.145 61.848 47.056
76.752 55.887 90.431
91.655 118.481 71.053
103.577 48.435 84.427
108.048 128.913 61.848
97.616 116.990 56.189
76.752 58.868 111.244
118.481 60.358 62.177
70.790 42.474 117.300
103.577 102.087 73.965
121.461 76.752 136.719
64.829 78.242 57.663
57.377 93.145 84.433
81.223 128.913 96.407
118.481 111.768 141.575
100.597 99.106 41.268
67.810 119.971 69.500
136.365 102.087 101.090
72.281 52.906 84.470
100.597 93.145 84.203
120.122 116.990 66.832
100.597 60.016 58.868
111.029 105.068 85.694
96.126 85.694 85.694
108.048 91.655 118.481
109.539 90.396 88.906
122.952 106.558 90.487
91.655 39.494 74.073
109.539 108.048 51.669
108.048 133.384 69.500
103.577 79.732 117.275
125.932 84.203 80.072
140.835 85.694 106.836
72.281 106.558 135.219
54.397 79.732 58.868
60.358 109.539 68.154
78.242 61.848 123.310
61.848 97.616 108.243
134.874 76.752 62.102
55.887 70.790 93.625
106.558 112.519 45.455
81.223 57.377 60.665
111.029 75.261 39.714
87.184 115.500 59.108
102.087 54.397 133.649
102.087 70.790 42.687
75.261 96.126 75.768
52.906 78.242 94.835
109.539 84.203 111.029
111.029 70.790 87.184
76.752 82.713 122.952
87.184 48.435 79.732
93.145 64.829 102.288
90.165 102.087 66.617
121.461 93.145 61.994
114.010 111.029 80.107
130.403 85.694 103.768
118.481 96.126 80.091
136.365 97.616 74.183
116.990 116.990 47.185
84.203 54.397 106.904
91.655 128.913 102.397
67.810 121.461 135.051
96.126 76.752 53.112
105.068 121.461 63.591
121.461 85.694 74.036
70.790 105.068 145.306
84.203 133.384 100.861
78.242 119.971 71.034
60.358 100.597 114.382
106.558 72.281 54.397
91.655 51.627 108.260
70.790 72.281 109.762
115.500 52.906 79.957
64.829 91.655 87.409
90.165 45.455 87.343
121.461 103.577 62.076
112.519 124.442 78.641
135.009 73.771 105.522
54.397 85.694 84.475
114.010 72.281 135.201
94.635 97.616 51.695
100.597 61.848 109.886
72.281 84.203 87.378
114.010 114.304 120.265
102.087 127.423 94.908
54.397 66.319 66.796
115.500 63.339 54.627
118.481 105.068 103.752
73.771 60.358 57.711
102.087 67.810 79.916
64.829 58.868 81.223
125.932 108.048 102.464
109.539 116.990 111.313
94.635 136.365 102.296
100.597 124.442 84.494
58.868 61.848 125.932
75.261 94.635 38.309
99.106 51.416 109.539
116.990 75.261 77.041
67.810 90.165 75.517
122.952 90.165 53.105
63.339 51.416 105.068
78.242 116.990 86.180
76.752 127.423 102.087
130.403 111.029 57.377
55.887 109.539 93.145
112.519 108.048 72.281
93.145 55.887 78.615
125.932 72.281 69.464
133.384 96.126 79.965
76.752 45.455 116.990
108.048 115.500 81.223
114.010 85.694 66.319
134.874 99.106 108.269
115.500 60.358 71.021
130.403 103.577 130.650
108.048 70.790 121.924
112.519 100.597 48.812
43.965 94.635 90.556
52.906 109.539 75.261
73.771 69.300 57.652
100.597 102.087 111.279
66.319 70.790 132.118
78.242 108.048 69.575
76.752 121.461 47.180
100.597 58.868 102.300
85.694 111.029 118.481
57.377 100.597 97.870
75.261 124.442 59.155
82.713 88.674 82.891
70.790 67.810 63.705
67.810 105.068 126.107
87.184 93.145 50.180
42.474 106.558 114.284
70.790 118.481 82.713
93.145 119.971 85.694
69.300 91.655 117.358
103.577 109.539 56.102
87.184 133.384 114.451
124.442 96.126 86.020
88.674 141.036 90.782
40.984 82.713 76.752
81.223 81.223 90.165
87.184 133.384 106.769
78.242 93.145 47.556
61.848 128.913 126.183
64.829 78.242 74.174
108.048 66.319 59.062
78.242 72.281 77.158
72.281 67.810 93.145
122.952 87.184 122.952
63.339 78.242 100.792
48.435 100.808 87.395
61.848 78.242 63.623
99.106 69.564 90.429
97.616 90.165 39.688
111.029 60.358 45.601
79.732 118.481 78.597
85.694 131.894 134.874
87.184 69.300 108.208
91.655 108.048 116.990
108.602 84.757 124.442
85.694 87.184 35.364
54.397 73.771 75.411
81.223 79.732 78.465
99.106 112.519 114.010
100.597 51.416 71.113
124.442 103.577 75.517
45.455 88.674 85.873
100.597 66.319 102.087
69.300 63.339 136.365
121.461 111.029 45.670
87.184 79.732 103.770
124.442 103.577 126.144
118.481 61.848 111.301
122.952 116.990 114.314
93.145 87.184 47.204
57.377 73.771 121.689
91.655 57.377 68.188
130.403 102.087 93.510
112.519 97.616 54.645
52.906 88.674 62.206
87.184 109.539 62.197
143.816 79.732 118.481
97.616 39.494 105.068
80.447 70.015 114.010
120.448 98.584 51.907
127.423 108.048 94.896
114.010 48.435 72.697
91.655 42.474 94.878
76.752 100.597 60.622
137.855 102.087 68.118
140.835 91.655 88.928
99.106 128.913 106.787
115.500 134.112 112.761
108.048 121.461 124.746
42.474 88.674 111.376
63.339 58.868 94.897
66.319 81.223 47.237
116.028 79.732 50.454
116.990 119.971 120.287
70.790 131.894 71.004
108.048 90.165 50.221
102.087 119.971 78.538
128.913 111.029 130.403
55.887 70.790 132.315
91.655 125.932 75.467
79.732 72.281 125.932
76.752 94.635 108.493
82.713 48.435 117.334
116.990 80.112 84.583
103.577 106.558 83.042
57.377 111.395 109.905
69.300 115.500 42.793
70.088 77.262 69.578
106.558 119.971 130.725
79.732 143.816 63.339
61.848 88.674 47.128
127.423 73.771 108.338
73.771 66.319 39.708
75.261 66.319 111.326
114.010 119.971 60.597
55.887 115.500 103.796
84.203 124.442 57.377
106.558 124.442 115.860
64.829 114.010 59.063
79.732 106.558 106.558
84.203 64.829 75.488
69.300 88.674 63.708
63.339 69.300 53.282
100.597 69.300 125.932
121.461 118.481 81.540
79.732 116.990 121.733
100.597 42.474 65.027
131.894 105.068 55.887
42.474 82.713 65.069
76.752 67.810 149.777
128.913 102.495 67.920
122.952 108.048 80.071
55.887 106.558 62.130
96.918 57.767 132.296
106.558 116.990 56.195
111.029 87.184 82.930
96.126 133.384 66.639
85.694 122.952 93.464
108.664 69.586 114.339
61.848 108.048 53.162
48.435 116.990 97.815
63.339 72.281 59.061
82.713 63.339 116.024
70.790 76.752 55.887
116.990 67.810 50.122
118.481 69.300 80.035
94.635 75.974 43.187
88.674 82.713 61.848
76.752 58.868 72.752
72.281 75.261 141.111
90.165 61.848 78.616
70.790 85.694 109.749
124.442 69.300 96.345
114.010 106.558 125.932
85.694 99.106 114.010
122.952 78.242 65.163
112.519 122.952 109.858
109.539 76.752 141.058
99.106 90.165 73.926
108.048 58.868 56.247
90.165 57.377 111.029
108.048 115.500 144.179
97.616 137.855 112.519
146.797 81.223 112.794
97.616 78.242 114.208
64.829 115.500 84.445
85.694 52.906 101.029
63.339 82.713 80.024
133.384 84.203 114.296
109.539 114.010 136.649
140.835 85.694 121.461
121.461 85.694 111.422
88.674 100.597 41.201
124.442 115.500 56.191
100.597 84.203 103.732
49.926 94.635 93.445
75.261 96.126 87.184
116.990 67.810 85.985
108.048 51.416 87.557
93.145 127.423 89.119
59.041 70.790 87.746
94.635 48.435 112.672
49.926 97.616 68.124
81.223 128.913 84.402
118.481 76.752 124.626
72.281 114.010 111.311
85.694 61.848 106.696
112.519 94.635 39.494
109.539 58.868 117.182
116.990 96.126 109.539
61.848 112.519 100.938
125.932 112.519 62.008
105.068 69.300 48.639
82.713 124.442 68.138
119.971 72.281 57.735
99.106 127.423 69.613
122.952 102.087 69.636
78.242 67.810 132.182
79.732 76.752 38.237
64.829 64.829 120.177
84.203 106.558 78.509
94.635 49.926 91.935
76.752 49.926 109.844
96.126 115.500 47.187
109.539 97.616 62.058
88.674 125.932 109.814
78.242 84.203 51.667
90.165 127.423 59.112
60.358 116.990 96.126
85.694 118.481 106.558
60.358 85.694 109.829
96.126 66.319 77.142
119.971 70.790 69.637
122.952 99.106 121.710
72.281 137.855 71.141
84.203 61.848 53.085
111.029 102.087 121.771
75.261 76.752 120.159
58.868 64.829 114.253
103.577 82.713 48.435
79.732 72.281 84.203
79.732 100.597 48.435
87.184 73.771 124.442
96.126 130.403 96.527
124.442 96.126 103.831
106.558 60.358 102.378
105.068 76.752 85.694
136.365 93.145 106.558
75.261 119.971 139.345
122.952 125.932 100.597
63.339 70.790 143.816
72.281 87.184 51.655
112.519 78.242 108.310
127.423 91.655 75.545
128.913 94.635 114.295
125.932 99.106 109.856
114.010 111.029 109.755
131.894 112.519 80.005
69.300 66.319 81.475
124.442 67.810 59.084
108.048 100.597 42.702
75.261 125.932 77.010
122.952 124.442 118.793
100.597 67.810 61.848
90.165 75.261 79.983
88.674 114.010 79.992
79.732 72.281 108.374
93.145 111.029 69.534
127.423 73.771 116.990
115.500 99.106 88.974
118.481 73.771 47.323
61.848 119.971 121.461
93.145 63.339 57.695
57.377 96.126 117.276
72.281 94.635 55.887
105.068 105.068 118.670
82.713 55.887 112.738
85.694 114.010 93.145
88.674 87.184 83.019
96.126 143.816 109.745
100.597 111.029 44.141
90.165 69.300 74.093
108.048 108.048 68.137
70.790 122.952 54.638
54.397 105.068 111.270
127.423 82.713 66.540
130.403 84.203 84.203
70.790 85.694 57.693
112.519 67.810 39.494
119.971 90.165 115.681
106.558 118.481 44.242
100.597 99.106 69.584
121.461 106.558 137.855
114.010 131.894 103.776
63.339 72.281 41.301
58.868 97.616 75.532
69.300 82.713 120.245
64.829 81.223 111.312
79.732 39.494 119.971
114.010 55.887 59.050
73.771 103.577 46.945
111.029 60.358 130.782
70.790 61.848 93.345
81.223 125.932 126.233
112.519 81.223 143.816
93.145 66.319 51.416
73.771 119.971 88.922
84.203 119.971 61.848
118.481 94.635 86.053
106.558 45.455 66.319
112.519 70.790 109.866
112.519 81.223 44.133
81.223 52.906 93.145
76.752 119.971 53.466
103.577 116.990 135.146
100.597 87.184 65.272
57.377 79.732 124.860
82.713 73.771 57.662
72.281 75.261 126.337
69.300 57.377 109.539
82.713 127.423 116.990
72.281 105.068 111.216
108.048 130.403 81.223
100.597 99.106 60.700
55.887 79.732 133.744
102.087 73.771 66.319
73.771 56.404 117.507
112.519 67.810 141.155
82.713 90.165 42.782
122.952 103.577 132.472
99.106 62.051 121.664
136.365 69.300 100.597
81.223 66.319 68.055
130.403 118.481 72.281
93.145 121.461 119.971
91.655 105.068 84.336
118.481 75.261 108.342
140.835 81.223 112.842
116.990 121.461 87.422
54.397 94.635 65.043
85.694 133.384 66.678
118.481 84.203 88.674
67.810 96.126 48.785
94.635 73.771 86.027
118.481 84.203 56.122
100.597 118.481 120.216
124.442 78.242 56.138
88.674 73.771 47.256
115.500 102.087 81.531
88.674 87.184 51.714
116.990 114.309 84.503
67.810 124.442 65.279
125.932 91.655 118.481
54.923 64.829 129.439
66.319 118.701 112.740
79.732 137.855 100.597
127.423 91.921 88.940
93.145 61.848 121.461
102.087 41.374 75.652
116.990 116.990 53.095
106.558 111.029 108.309
143.973 90.165 74.267
100.597 75.261 90.428
70.790 102.087 60.765
93.879 109.891 44.346
82.713 55.887 84.479
87.184 99.421 72.595
94.635 124.442 81.596
66.319 102.087 84.572
85.694 73.771 118.759
49.926 106.558 116.990
90.165 102.087 51.416
85.694 102.087 84.404
64.829 87.184 100.777
48.435 93.145 105.068
90.165 125.932 97.616
82.713 68.170 49.926
70.790 72.281 42.923
128.913 106.558 117.148
100.706 72.281 106.988
112.519 42.474 73.941
102.087 122.952 72.732
105.068 57.377 62.157
125.932 79.934 118.683
69.300 72.281 118.481
120.478 87.691 79.732
117.494 83.047 126.102
136.365 108.048 66.319
105.068 52.906 100.907
66.319 64.829 68.098
64.829 122.952 75.261
75.261 58.868 102.271
106.689 61.848 109.988
58.868 99.106 82.971
112.519 93.145 106.558
79.732 125.932 109.905
70.790 96.126 83.177
73.771 114.010 139.618
75.261 66.778 116.990
103.577 60.358 78.584
87.184 87.184 109.824
115.500 85.694 60.712
94.635 99.106 78.715
115.500 73.771 54.397
137.855 88.674 75.461
97.616 97.616 32.321
127.423 91.655 65.081
90.165 114.010 106.876
61.848 79.732 89.082
128.913 100.597 105.289
108.048 63.339 71.124
61.848 72.281 93.392
38.003 91.655 75.666
48.435 90.266 109.917
64.829 67.810 84.571
97.616 55.887 83.104
116.990 64.829 44.223
99.106 45.455 80.080
118.481 66.319 65.237
106.558 67.810 88.882
57.377 108.048 82.713
90.165 46.945 74.076
108.048 119.971 106.774
103.577 128.913 118.481
94.635 87.184 78.478
121.461 114.010 74.129
119.971 111.029 38.003
93.145 143.816 71.158
81.223 102.087 115.790
134.874 91.655 97.795
115.500 96.126 69.613
114.010 61.848 118.849
74.705 73.771 90.165
45.455 97.616 102.473
58.868 103.577 66.641
48.435 84.203 100.905
90.165 121.461 47.214
85.694 76.910 62.442
73.771 97.616 112.724
69.300 76.752 105.318
72.281 54.397 94.958
131.894 100.597 82.994
108.048 90.165 38.150
88.674 61.848 115.708
112.519 70.790 81.487
73.771 127.423 82.952
112.519 62.217 141.204
112.519 87.711 71.317
69.300 72.281 136.651
76.752 73.771 54.716
66.319 111.029 41.250
118.481 122.952 62.134
103.577 134.874 111.233
91.655 60.358 93.386
82.713 99.106 108.209
58.868 91.655 93.365
119.971 69.300 90.467
103.577 118.481 69.508
54.397 75.261 51.639
69.300 76.752 50.212
82.713 84.203 72.556
111.557 76.752 132.421
85.694 93.145 81.398
63.339 108.048 136.630
136.365 97.616 116.990
78.773 106.558 45.986
115.500 94.635 124.442
55.887 66.319 73.771
64.829 67.810 100.597
69.300 79.732 93.145
103.577 111.029 125.932
91.655 81.223 57.377
63.339 55.887 61.848
67.810 118.481 90.165
94.635 145.306 76.752
90.165 137.855 116.990
63.339 90.165 68.088
82.713 112.519 48.652
94.635 55.887 96.426
88.674 76.752 114.294
81.223 134.874 88.964
69.300 124.442 48.682
76.752 112.519 123.192
69.300 116.990 65.040
109.539 118.481 75.530
96.126 122.952 105.267
111.029 73.771 66.579
124.442 97.616 93.337
125.932 108.048 86.033
43.965 111.029 111.259
116.990 99.106 75.638
60.358 81.223 72.483
91.655 94.635 47.230
72.281 121.461 114.238
91.655 67.810 118.714
76.752 67.810 144.087
106.558 122.952 50.257
85.694 91.655 30.775
82.713 55.887 72.555
64.829 88.674 118.764
97.616 57.377 106.742
64.829 64.829 50.276
130.403 87.184 71.110
76.752 122.952 65.241
99.106 70.790 54.703
52.906 72.281 84.203
75.261 120.509 95.173
103.577 131.894 72.425
112.519 116.990 132.106
66.319 70.790 75.568
73.771 127.423 124.823
124.442 60.358 90.369
54.397 87.184 102.392
43.965 94.635 66.487
106.558 93.145 84.376
88.674 82.713 36.715
64.829 76.752 132.219
94.635 67.810 97.868
94.635 137.855 74.088
102.087 118.481 59.236
46.945 85.694 75.495
108.048 60.358 90.348
99.106 85.694 57.748
48.435 79.732 67.810
70.790 96.126 120.242
75.261 125.932 135.088
52.906 103.577 71.100
38.003 91.655 106.558
67.810 112.519 136.702
88.674 118.481 118.723
82.713 64.829 57.627
67.810 85.694 83.019
137.855 90.165 93.401
130.705 79.461 91.952
82.713 109.539 111.315
85.694 140.835 74.075
109.539 64.829 117.430
118.481 58.868 53.390
109.539 82.713 65.156
108.048 63.339 81.529
51.416 100.597 109.724
105.068 64.829 45.455
72.281 111.029 39.794
112.519 99.106 106.838
57.377 112.519 117.163
103.577 112.519 84.595
103.577 61.995 65.392
67.810 125.932 126.520
124.442 93.145 48.756
128.913 106.917 71.149
49.926 88.674 82.713
78.242 85.694 118.481
67.810 106.558 56.200
78.242 40.984 114.213
93.145 108.048 79.999
64.829 99.106 118.775
121.461 55.565 129.291
119.971 63.339 83.016
128.913 72.281 74.038
57.377 78.242 82.930
103.577 127.423 59.100
109.539 81.223 118.637
124.442 106.558 50.268
45.455 100.597 112.778
52.906 87.184 69.628
105.068 106.558 36.716
69.300 109.539 50.180
69.300 130.403 90.165
91.655 46.945 97.978
106.558 79.732 108.048
58.868 69.300 57.611
111.029 64.829 127.423
130.403 106.558 90.420
112.519 91.655 80.084
73.771 72.281 62.194
94.635 39.494 69.531
122.952 100.597 114.290
90.165 99.106 62.079
52.906 82.713 97.913
76.752 102.087 122.952
69.300 119.971 121.655
100.597 108.048 49.926
96.126 94.635 81.392
88.674 116.990 52.906
116.990 133.384 96.347
91.655 88.674 73.954
102.087 111.029 66.319
76.752 91.655 78.432
66.319 103.577 68.135
122.952 78.242 109.778
80.243 131.894 107.068
57.377 78.242 99.445
82.713 130.403 130.614
125.932 105.068 112.888
81.223 97.616 87.184
122.952 88.139 60.612
109.539 88.674 114.235
78.242 61.848 50.145
76.752 99.106 44.191
84.203 119.971 81.223
119.971 97.616 96.391
87.184 42.474 71.153
115.500 72.281 126.117
112.519 93.145 51.634
58.868 75.261 140.835
84.203 114.010 63.339
57.377 63.339 120.251
66.319 112.519 115.791
127.423 100.597 55.887
109.539 76.752 54.671
79.732 121.461 115.500
116.990 118.481 77.015
75.261 112.519 85.951
88.674 130.403 87.184
66.319 116.990 54.591
96.126 106.558 111.224
136.365 72.281 117.318
81.223 118.481 47.326
102.087 55.887 96.530
109.539 140.835 112.802
78.242 72.281 139.560
108.048 109.539 82.963
61.848 108.048 75.529
103.577 102.087 106.807
131.894 100.597 76.974
58.868 114.010 60.618
81.223 130.403 56.102
115.500 125.932 72.281
96.126 108.048 119.971
78.242 63.339 82.713
115.500 88.674 88.674
70.790 100.597 51.416
70.790 58.868 79.732
122.952 108.048 72.597
130.403 105.068 102.476
78.242 111.029 65.106
78.242 85.694 45.859
79.732 100.597 36.719
63.339 112.519 72.463
78.242 87.184 66.620
130.403 122.952 125.932
58.868 57.377 90.441
94.635 63.339 83.002
69.300 112.519 127.663
67.810 87.184 105.338
91.926 87.184 63.610
67.810 79.732 61.848
94.635 64.829 90.392
51.416 112.519 108.337
93.145 84.203 39.734
58.868 119.971 64.829
58.868 75.261 130.671
70.790 111.029 145.306
106.558 78.242 77.050
54.397 111.029 99.324
116.990 111.029 132.121
118.481 81.223 62.122
75.261 54.397 78.484
73.771 79.732 80.024
108.048 105.068 72.543
87.184 42.474 119.971
76.752 77.045 44.258
128.913 112.519 74.168
42.474 97.616 76.981
93.145 70.790 90.165
76.752 130.403 51.690
67.810 75.261 114.356
108.048 125.932 75.489
118.481 54.397 120.326
115.500 100.597 44.136
73.771 119.971 38.003
84.203 108.048 88.822
91.655 118.481 114.355
61.848 105.068 125.932
70.790 55.887 71.264
67.810 61.848 60.623
127.423 106.558 135.248
66.319 99.106 56.298
72.281 96.126 65.246
100.597 76.752 46.945
64.829 60.358 114.010
119.971 84.203 118.867
114.010 100.597 125.932
88.674 49.926 60.525
67.810 99.106 112.519
111.029 121.461 66.580
70.790 103.577 121.765
106.558 87.184 105.248
121.461 75.261 119.971
112.519 65.335 62.354
58.868 70.903 109.906
69.300 60.358 67.810
72.281 106.558 76.752
103.577 48.435 93.344
109.539 97.616 88.879
55.887 82.713 113.056
109.539 64.829 35.226
124.442 94.635 80.063
131.894 116.990 60.719
130.403 99.106 134.874
103.577 115.870 146.797
125.932 88.674 109.539
84.203 91.655 60.700
64.829 121.461 117.488
69.300 67.810 115.858
112.519 61.848 50.336
88.674 142.326 108.361
49.926 90.165 96.419
63.339 67.810 135.118
97.616 48.435 74.107
94.635 116.990 109.808
119.971 91.655 108.278
99.106 139.345 117.240
51.416 90.165 114.260
119.971 99.106 59.075
111.029 119.971 145.306
127.423 115.500 69.300
146.797 73.771 116.990
103.577 105.068 58.868
38.003 108.048 119.971
67.810 108.048 148.287
108.048 136.365 115.500
63.339 93.145 121.461
52.906 109.539 114.010
118.481 115.500 42.474
82.713 66.319 84.463
81.223 121.461 106.795
106.558 70.790 69.709
100.597 130.403 81.523
69.300 60.358 54.711
100.597 102.087 84.424
103.577 96.126 65.096
109.539 125.932 91.825
84.203 36.813 112.819
60.358 88.674 75.563
99.106 136.365 69.575
118.598 57.377 68.210
81.223 84.203 85.982
88.674 121.461 68.131
122.952 112.519 127.423
130.403 112.832 86.007
61.424 93.291 49.308
91.655 116.990 102.411
64.829 105.068 121.775
72.394 121.461 42.873
55.887 79.732 119.971
109.539 60.358 66.731
72.281 75.261 82.911
94.635 106.558 48.671
88.674 114.010 72.682
93.145 73.771 115.906
99.106 67.810 120.166
60.802 112.816 82.860
102.087 82.713 111.428
118.481 103.577 134.874
100.597 102.087 116.990
96.126 112.519 122.952
84.203 100.597 44.338
54.397 63.339 57.546
93.145 87.184 56.305
60.358 119.971 84.468
103.577 66.319 136.365
84.203 121.721 52.279
67.810 111.029 79.922
72.281 64.829 51.665
106.558 99.106 76.752
114.517 111.029 56.395
112.519 114.010 45.808
57.377 76.752 56.098
85.694 52.906 115.500
66.441 97.616 77.111
118.481 75.261 142.567
69.300 66.319 132.307
75.261 70.790 127.698
82.713 134.874 80.151
94.635 84.203 112.519
102.087 133.384 76.985
103.577 134.874 90.165
60.358 105.068 79.982
103.577 54.397 85.913
64.829 84.203 75.478
67.810 67.810 90.165
60.358 87.184 70.790
99.106 82.713 83.007
102.087 94.635 71.249
100.597 97.616 47.156
39.494 88.187 70.042
105.068 102.087 81.391
115.500 108.048 60.645
69.300 131.894 75.768
73.771 116.990 56.138
85.694 76.752 49.926
131.894 100.597 99.464
137.855 85.694 115.918
105.068 133.656 118.753
69.300 72.281 59.187
118.481 63.339 117.252
67.810 105.068 133.623
122.952 91.655 94.824
64.829 97.616 44.254
96.126 131.894 103.870
52.906 93.145 102.298
96.126 55.887 90.498
73.771 69.300 133.735
54.397 87.184 108.304
75.261 105.068 39.638
105.068 55.887 117.319
109.539 131.894 112.760
99.106 63.339 48.716
102.087 91.655 44.229
121.461 114.010 118.768
131.894 81.223 76.971
52.906 81.223 105.271
66.319 106.558 45.671
90.165 137.855 105.294
108.048 54.397 51.683
73.771 115.500 80.122
78.242 131.894 93.352
121.461 114.010 136.523
102.087 100.597 90.165
116.990 70.790 117.171
70.790 137.855 78.242
119.971 96.126 125.932
78.242 127.423 139.345
55.887 84.203 57.377
70.790 84.203 94.635
90.165 112.519 54.602
118.481 111.029 64.829
73.771 97.616 124.442
87.184 93.145 39.494
40.984 103.577 121.461
58.868 103.577 93.145
54.397 91.655 88.884
130.403 96.126 109.825
136.365 87.184 65.164
116.990 93.145 65.065
79.732 60.358 118.843
97.616 97.616 56.112
124.442 61.848 111.283
96.126 125.932 118.674
134.874 88.674 69.641
103.577 87.184 38.225
94.635 94.635 35.324
88.674 109.539 108.340
64.829 78.242 81.489
112.519 124.442 115.733
99.106 140.835 106.835
121.989 116.990 60.886
111.029 111.029 126.131
82.713 67.810 44.156
75.261 96.126 117.221
115.500 93.145 118.741
130.403 96.126 84.435
60.358 90.165 97.820
79.732 122.952 120.252
100.597 121.461 53.103
94.635 103.577 38.224
114.511 60.358 65.331
69.300 49.926 97.839
61.848 90.165 114.295
94.635 119.971 59.073
112.519 81.223 79.943
128.913 96.126 91.927
69.300 125.932 133.649
114.010 124.442 96.311
87.184 137.855 109.753
128.913 69.300 106.948
122.952 73.771 94.956
122.952 72.281 109.725
73.771 105.068 139.656
116.990 72.281 62.157
58.868 73.771 80.024
90.165 136.365 90.661
63.339 64.829 88.816
133.384 93.145 93.369
114.010 121.461 50.247
90.165 119.971 124.442
54.397 96.695 69.869
130.403 81.223 109.710
40.984 112.519 116.990
124.442 111.763 52.906
73.771 109.539 130.755
142.326 87.184 111.235
114.010 139.345 115.740
72.281 66.319 145.306
84.203 85.694 39.752
51.416 102.087 78.242
103.577 125.932 66.319
58.868 125.932 96.126
134.874 97.616 102.290
88.674 97.616 67.810
121.461 81.223 83.030
72.281 81.223 67.810
115.500 57.377 86.011
84.203 46.945 75.587
78.242 52.906 72.281
85.694 63.339 71.119
111.029 111.029 63.693
85.694 75.261 106.708
125.932 105.068 60.787
108.048 133.384 63.698
58.868 88.674 86.013
51.416 67.810 82.893
109.539 72.281 75.581
91.655 55.887 63.590
85.694 63.931 81.223
64.829 91.655 59.179
66.319 114.010 121.792
73.771 119.971 133.632
99.106 91.655 78.516
130.403 88.674 97.798
90.165 57.682 59.172
131.894 99.106 69.600
68.016 57.258 62.056
102.087 48.435 99.390
99.106 46.945 111.295
105.068 58.868 123.185
93.145 98.118 41.485
81.223 70.790 121.627
55.887 76.752 65.290
96.126 134.874 62.086
81.223 79.732 48.792
85.694 63.339 111.240
63.339 115.500 50.246
103.577 58.868 54.539
108.048 75.261 120.229
94.635 43.965 105.428
79.732 66.319 78.520
109.539 119.971 80.065
75.261 78.242 70.978
66.319 121.461 56.261
133.384 75.261 109.749
105.068 78.242 38.400
60.358 91.655 108.299
99.106 51.416 66.593
106.558 72.880 125.932
137.855 72.281 111.221
54.397 111.029 71.002
106.558 81.223 57.556
81.223 43.965 118.695
118.481 94.635 114.429
70.790 61.848 98.093
118.481 64.829 136.764
66.319 102.087 72.641
81.325 124.442 97.987
73.771 110.247 90.165
106.558 58.868 135.145
63.339 75.261 47.177
97.616 74.586 64.974
119.971 64.829 92.038
76.752 57.725 62.196
99.106 84.203 41.300
103.577 82.713 81.444
72.281 118.481 125.932
91.655 130.403 80.039
122.952 91.655 87.407
94.635 81.223 75.635
108.048 102.087 50.157
76.752 112.519 73.771
82.713 119.971 72.588
45.455 72.281 65.065
78.242 121.461 127.573
122.952 64.829 64.829
100.597 55.887 112.519
61.848 67.810 42.710
94.635 88.674 33.905
70.790 109.539 139.572
112.519 76.752 124.787
97.616 91.655 50.246
78.242 66.319 138.196
106.558 96.126 112.725
84.203 48.435 105.373
108.048 72.281 109.539
97.616 94.635 41.217
116.990 121.461 109.539
115.500 124.442 105.422
66.319 125.932 117.183
105.068 51.416 67.810
76.752 112.519 111.029
82.713 109.539 69.300
75.261 105.068 82.960
109.539 52.906 58.868
116.990 103.577 89.243
78.242 105.068 60.358
45.455 70.790 71.038
75.261 105.068 106.810
106.558 106.558 105.243
69.300 64.829 122.952
85.694 100.597 63.568
94.635 100.597 61.848
75.261 124.442 87.662
69.300 127.423 70.790
79.732 102.087 79.963
112.519 75.261 84.408
114.010 54.397 74.158
63.339 121.461 69.300
78.242 72.281 45.455
111.029 111.029 39.719
82.713 88.674 71.053
105.068 91.655 77.044
70.790 67.810 47.188
55.887 70.790 66.601
121.461 108.048 60.547
108.048 88.674 109.714
88.674 127.423 65.126
93.145 52.906 112.835
88.674 125.932 88.967
136.365 87.184 108.271
105.068 63.339 96.565
87.184 136.365 79.985
106.558 111.029 139.524
102.087 106.558 42.756
75.261 115.500 48.642
67.810 87.184 87.492
131.894 90.165 102.428
81.223 57.377 90.554
109.539 63.339 86.006
90.165 97.616 78.569
90.165 70.790 86.017
125.932 73.771 100.898
100.597 76.752 73.988
66.319 91.655 100.883
63.339 105.068 114.199
85.694 66.319 53.169
75.261 128.913 56.161
124.442 102.087 103.842
99.106 112.519 108.218
75.261 54.397 111.317
118.481 109.539 114.291
75.261 70.790 109.833
67.810 85.694 47.172
72.281 88.674 75.582
118.481 63.339 87.528
112.519 70.790 62.108
79.732 93.145 38.241
49.926 88.674 100.935
55.887 73.771 136.657
70.790 58.868 105.270
54.397 114.010 75.261
73.771 78.242 109.539
103.577 111.029 112.519
81.223 116.990 93.145
84.203 106.558 118.481
91.655 133.384 105.243
128.913 70.790 96.395
72.281 54.397 100.942
45.455 97.616 72.514
109.539 100.597 111.240
72.281 90.165 108.333
82.713 81.223 105.260
78.242 63.339 57.608
111.029 118.481 136.664
93.145 81.223 45.760
124.442 93.145 108.287
90.165 99.106 47.222
40.984 96.126 108.219
85.694 109.539 94.635
103.577 115.500 111.029
142.326 75.261 118.481
63.339 109.539 148.287
72.281 102.087 87.184
64.829 115.500 94.635
91.655 57.377 118.481
63.339 75.261 139.345
61.848 63.339 100.597
108.048 66.319 137.855
94.635 106.558 69.300
111.029 118.481 45.728
51.416 78.483 99.348
122.952 82.713 54.603
93.145 52.906 100.830
67.810 127.423 81.423
100.597 55.887 137.855
112.519 104.408 51.648
105.068 81.223 42.742
116.990 93.145 97.876
69.300 78.242 121.684
93.297 127.423 71.327
118.481 67.810 75.581
43.965 108.048 118.481
78.242 116.990 105.317
91.655 125.932 115.720
86.315 77.061 71.102
87.184 128.913 103.829
108.048 122.952 111.288
118.481 119.971 91.865
67.810 51.790 103.692
116.990 76.752 42.662
103.577 121.461 127.423
99.106 55.887 78.590
91.655 124.442 103.816
73.771 64.829 59.125
67.810 70.790 127.673
93.145 69.300 69.554
72.281 63.485 77.240
93.145 112.519 88.674
112.519 63.339 41.422
105.068 64.829 102.367
78.561 129.232 69.300
122.952 76.752 78.532
130.403 85.694 75.548
90.165 79.732 82.916
131.894 78.242 114.207
122.952 111.029 93.440
116.990 114.010 69.721
61.848 114.010 105.368
87.184 72.281 62.156
88.674 127.423 93.450
55.887 67.056 135.117
73.166 64.359 139.474
103.577 116.990 83.020
60.358 121.461 94.792
94.635 99.106 74.051
130.403 85.694 111.029
61.848 97.616 60.358
102.087 122.952 115.776
94.635 72.281 53.081
75.261 115.500 65.119
105.068 60.358 44.146
73.771 114.010 132.063
102.087 118.481 74.038
94.635 102.087 53.175
87.184 54.397 75.261
67.810 91.655 71.106
130.403 67.810 102.087
102.087 130.403 85.932
100.597 106.558 121.461
60.358 72.281 127.423
78.242 81.223 117.200
79.732 133.384 99.318
60.358 64.829 75.261
134.874 70.790 121.461
88.674 45.455 63.565
102.087 87.184 88.674
97.616 111.029 70.790
116.990 75.261 112.738
97.616 142.326 114.010
128.913 67.810 57.625
78.242 108.048 74.211
81.223 139.345 74.042
99.106 60.358 116.990
60.358 63.339 70.790
122.952 121.461 122.952
43.965 70.790 75.422
69.300 66.319 127.678
97.616 91.655 59.166
78.242 66.319 124.740
96.126 82.713 68.114
85.694 131.894 71.056
93.145 121.461 96.382
82.713 61.848 124.442
134.874 76.752 66.712
52.906 69.300 75.635
47.484 82.713 86.232
119.971 101.107 105.578
57.377 91.655 103.775
114.010 63.339 74.202
112.519 81.223 84.581
52.906 97.616 100.973
84.203 82.713 111.413
76.752 91.655 51.644
97.616 97.616 109.539
63.339 81.223 54.500
125.932 105.068 108.294
124.555 124.442 90.548
69.300 114.010 83.082
99.106 54.397 87.184
58.868 103.577 111.229
76.861 63.339 105.464
63.339 102.087 48.712
116.990 82.713 68.120
70.790 60.358 112.841
115.500 64.829 124.442
125.932 59.603 98.351
58.868 102.087 119.971
58.868 90.165 65.118
96.126 122.952 109.833
93.145 55.887 106.908
119.971 114.404 80.126
111.029 72.281 55.887
102.087 82.713 69.731
64.829 81.223 127.423
79.732 105.068 50.187
116.990 87.184 51.727
67.810 108.871 60.358
115.500 112.519 50.157
112.519 122.952 74.002
84.203 131.894 93.605
96.126 73.771 39.494
75.261 63.339 119.971
66.319 64.829 72.648
105.068 127.423 82.938
73.771 73.771 106.671
67.810 72.281 39.494
63.339 116.990 62.150
105.068 116.990 51.784
87.184 93.145 54.719
94.635 48.435 107.025
66.319 119.971 84.526
106.558 111.029 41.171
108.048 57.377 72.611
84.203 64.829 47.248
73.771 51.416 69.461
109.539 97.429 115.879
54.397 103.577 88.939
82.713 109.539 44.189
84.203 97.616 59.064
125.932 111.029 121.724
97.616 69.300 74.080
85.694 79.732 108.321
122.952 118.481 109.805
114.010 100.597 59.147
69.300 105.068 82.941
49.926 97.616 63.604
48.435 96.126 75.606
118.481 60.358 57.659
93.145 79.732 41.171
67.810 86.172 125.932
73.771 63.339 72.469
66.319 87.184 78.560
114.010 72.281 139.713
114.010 112.519 141.065
131.894 76.752 74.239
78.242 62.866 127.701
102.586 78.242 121.960
63.339 102.087 59.363
51.416 115.500 100.847
103.577 81.223 75.464
52.906 101.700 60.907
69.300 78.242 87.541
103.577 122.952 123.174
102.087 122.952 60.565
61.848 73.771 114.265
108.048 63.339 48.675
93.145 72.647 57.743
119.971 103.577 45.637
91.655 64.829 114.156
72.281 109.539 109.781
115.500 79.732 75.517
60.358 94.635 78.542
91.655 122.952 111.363
139.345 69.300 115.771
119.971 99.106 72.281
125.932 105.068 121.827
55.887 96.126 109.539
128.913 96.126 66.645
51.416 79.732 63.513
51.416 93.499 108.402
116.990 70.790 130.644
106.558 88.674 70.790
116.990 116.990 62.127
125.932 80.025 91.948
122.952 105.068 97.843
67.810 102.087 45.650
121.461 78.242 60.596
90.165 75.261 109.855
63.339 66.319 111.341
119.971 79.732 121.629
63.339 78.242 105.353
90.165 116.990 63.627
128.913 73.771 112.764
85.694 49.926 87.184
130.403 79.732 118.481
73.771 118.481 117.233
121.461 67.810 83.029
60.358 81.223 66.616
64.829 130.403 61.848
102.087 114.010 48.435
122.952 64.829 115.500
127.423 78.479 65.066
102.087 108.048 62.104
125.932 99.106 135.130
87.184 69.300 119.971
48.435 84.203 68.045
109.539 76.752 43.965
70.790 112.519 47.190
85.694 116.990 102.337
106.558 64.829 127.641
119.971 103.577 125.932
115.500 58.868 133.593
100.597 87.184 33.828
72.281 82.713 44.197
78.242 137.855 64.829
115.500 64.829 59.055
73.771 94.635 79.934
112.519 70.790 116.990
88.674 115.500 99.334
78.242 73.771 41.222
119.971 78.242 75.544
96.126 125.932 75.611
88.674 105.068 41.343
105.068 73.771 48.773
81.223 43.965 112.718
115.500 76.752 138.273
103.577 97.616 106.935
106.558 54.397 96.518
97.616 69.300 108.240
133.384 112.519 74.058
121.461 97.616 117.272
118.481 111.029 109.858
81.223 49.926 109.757
85.694 116.990 123.230
69.300 91.655 87.330
91.655 67.810 109.742
67.810 96.126 53.316
82.713 128.913 136.365
76.752 116.990 39.494
115.500 109.539 69.300
112.519 96.126 80.009
88.674 96.126 33.784
72.281 125.932 115.708
108.048 97.616 54.581
90.165 136.365 96.518
109.539 64.829 123.184
82.713 90.165 87.184
43.965 91.655 96.126
49.926 102.087 118.481
119.971 88.674 119.971
111.029 81.223 125.932
78.242 81.223 57.377
81.223 87.184 115.500
118.481 66.319 109.757
87.184 134.874 74.068
72.281 91.655 51.598
97.616 48.435 102.253
45.455 85.694 106.791
122.952 109.539 114.252
61.848 87.184 90.397
94.635 67.810 63.586
119.971 97.616 102.251
99.106 58.868 54.563
54.397 85.694 77.124
111.029 85.694 60.735
100.597 97.616 84.447
85.694 97.616 84.426
67.810 54.397 94.937
109.539 66.319 106.789
112.519 88.674 51.632
87.184 63.339 58.868
73.771 63.339 82.713
93.145 127.423 109.539
114.010 84.203 111.029
46.945 90.165 115.500
116.990 76.752 148.287
70.790 119.971 139.345
105.068 42.474 63.339
96.126 102.087 85.694
79.732 111.029 108.048
60.358 91.655 118.481
72.281 130.403 119.971
91.655 115.500 49.926
49.926 114.010 115.500
75.261 115.500 60.590
64.829 94.635 109.785
64.829 72.281 121.717
131.894 70.790 91.943
67.810 69.300 139.627
85.694 82.713 87.184
72.281 122.952 124.662
58.868 115.500 64.829
76.752 81.223 42.683
64.829 108.048 109.833
78.242 122.952 103.826
79.732 36.513 114.200
108.048 124.442 62.128
78.242 82.713 81.474
112.519 111.029 135.191
112.519 112.519 84.471
128.913 102.087 111.435
127.423 79.732 79.950
119.971 69.300 47.162
96.126 88.674 63.547
69.300 114.010 59.137
93.145 125.932 62.071
112.519 114.010 112.761
136.365 81.223 115.741
87.184 40.984 112.519
96.126 85.694 50.159
82.713 106.558 83.017
69.300 128.913 66.593
78.242 63.339 69.492
112.519 67.810 48.744
82.713 90.165 78.444
97.616 105.068 45.455
103.577 61.848 136.577
57.377 97.616 102.406
145.306 84.203 109.805
58.868 81.223 62.196
75.261 87.184 112.752
54.397 81.223 91.888
63.339 111.029 65.207
127.423 106.558 129.228
82.713 64.829 120.215
97.616 91.655 30.732
112.519 75.261 76.992
67.810 70.790 112.702
114.010 125.932 100.808
85.694 87.184 114.010
48.435 111.029 111.274
106.558 124.442 79.949
94.635 61.848 112.759
108.048 116.990 139.597
105.068 48.435 88.946
140.835 102.087 76.752
117.386 126.134 65.023
100.597 46.945 68.064
78.242 72.281 143.993
97.616 81.223 49.926
60.358 67.810 63.630
58.868 87.184 94.898
66.319 118.481 108.314
102.087 93.145 50.180
133.384 94.635 112.744
88.674 109.539 112.770
111.029 116.990 59.239
66.319 116.990 74.198
90.165 136.365 86.031
99.106 94.635 36.940
111.029 103.577 66.497
90.165 116.990 75.583
94.635 58.868 75.540
70.790 112.519 115.500
118.481 119.971 124.442
63.339 79.732 69.509
58.868 84.203 132.182
114.010 93.145 102.405
72.281 103.577 42.792
90.165 115.500 111.029
112.519 87.184 47.134
58.868 94.635 54.635
73.771 90.165 38.098
103.577 82.713 106.770
105.068 97.616 72.522
111.029 115.500 127.717
103.577 64.829 60.581
100.701 131.894 103.969
96.126 112.519 117.246
78.242 122.952 132.226
100.597 51.416 105.401
75.261 111.029 55.887
70.790 109.539 85.931
93.145 127.423 93.517
92.408 93.145 84.203
130.403 105.068 85.932
39.494 79.732 66.319
97.616 102.087 108.048
97.616 134.874 108.236
63.339 100.597 53.106
64.829 66.319 124.442
52.906 112.519 91.905
82.713 66.319 63.772
119.971 108.048 129.324
125.932 85.694 84.203
93.145 133.384 91.894
112.519 60.358 114.321
81.223 79.732 86.037
73.771 40.984 114.431
78.242 127.423 81.547
82.713 137.855 69.558
102.087 76.752 69.539
127.423 100.597 127.668
78.242 61.848 62.082
90.165 75.261 65.159
93.145 114.204 81.857
84.203 106.558 74.129
72.281 84.203 82.998
84.203 102.087 105.370
82.713 119.971 57.734
124.442 69.300 106.891
88.674 45.455 111.029
70.790 133.384 80.053
91.655 133.384 64.829
119.971 78.242 51.613
82.949 58.413 56.119
94.635 64.829 106.997
64.829 106.558 65.313
82.713 114.010 81.472
90.165 102.087 81.515
112.519 91.655 84.447
112.519 55.887 118.645
54.397 84.203 133.552
54.397 69.300 70.959
109.539 62.630 54.640
119.971 91.655 103.924
84.203 63.339 66.575
111.029 90.165 41.322
134.874 69.486 114.196
99.106 127.423 78.725
82.713 76.752 41.397
91.655 99.106 57.676
109.539 112.519 54.397
115.500 128.913 106.558
116.990 69.300 54.670
115.500 99.106 51.592
87.184 105.068 87.184
87.184 90.165 78.618
138.017 103.577 95.185
140.835 96.126 108.441
122.952 60.358 120.155
55.887 103.577 51.735
72.281 134.874 68.006
51.416 82.713 78.503
81.223 85.694 108.358
114.010 46.945 76.752
76.752 108.048 42.474
94.635 96.126 61.848
122.952 94.635 73.771
58.868 73.771 96.126
99.106 99.106 114.010
78.242 106.558 87.184
64.829 72.281 136.617
134.874 106.558 90.491
61.848 73.771 89.057
105.068 125.932 54.767
128.913 115.500 118.481
142.326 100.597 68.211
54.397 82.713 87.566
105.068 130.403 93.145
119.971 108.176 83.158
106.558 66.319 112.519
106.558 81.223 121.741
118.481 70.790 123.418
73.771 127.423 61.848
74.506 77.142 87.528
111.029 111.029 77.032
114.010 72.281 44.313
97.616 79.732 42.679
73.771 49.926 106.773
103.577 72.281 81.531
131.562 106.558 67.810
58.868 79.732 114.284
69.300 87.184 99.332
125.932 118.481 129.182
111.029 108.506 111.487
91.655 94.981 53.252
109.539 60.358 121.652
93.145 55.887 87.443
91.655 134.874 114.325
112.519 130.403 93.460
88.674 52.906 111.029
136.365 79.732 111.288
54.397 88.674 81.429
112.519 122.952 57.705
116.990 54.397 70.790
137.855 84.203 75.545
124.442 111.029 48.708
97.616 67.810 82.913
90.165 49.926 91.909
103.577 105.068 76.999
99.106 139.345 72.607
73.771 122.952 51.607
130.403 82.713 69.570
58.868 105.068 54.594
93.145 72.281 72.581
88.674 125.932 78.492
112.519 52.906 82.979
103.577 88.674 56.252
73.771 46.945 114.365
79.732 124.442 71.156
66.319 67.810 65.081
85.694 75.261 82.907
78.242 128.913 59.174
118.481 108.048 106.845
121.461 108.048 65.262
116.990 78.242 80.052
88.674 128.913 112.825
81.223 73.771 118.616
114.010 67.810 132.159
106.558 111.029 144.052
87.184 90.165 47.171
111.029 118.481 54.621
69.300 127.423 59.112
87.184 84.203 54.679
63.339 61.848 91.819
66.319 85.694 63.339
67.810 70.790 84.203
109.539 85.694 120.424
91.655 140.305 96.126
69.300 65.619 141.085
118.481 88.674 60.358
69.300 121.461 109.821
72.281 84.203 48.656
125.932 91.655 69.786
54.397 102.087 114.265
67.810 78.242 111.029
79.732 112.519 69.593
103.577 121.461 84.203
102.087 94.635 41.234
69.300 81.223 82.713
69.300 103.577 77.015
100.597 130.403 112.727
64.829 125.932 69.647
118.481 66.319 71.054
64.829 105.246 129.091
75.261 72.281 48.717
99.106 115.500 44.197
55.887 115.500 57.665
42.474 103.577 117.273
87.184 103.577 73.930
108.048 112.519 85.951
61.848 122.952 111.271
84.203 99.106 36.704
58.868 58.868 94.817
76.752 128.913 96.467
106.558 63.339 75.527
82.713 130.403 66.520
119.971 102.087 75.488
109.539 108.048 55.887
130.403 78.242 60.484
75.261 81.223 51.807
66.319 72.281 53.146
127.423 72.281 90.366
76.752 91.655 83.078
60.358 75.261 59.176
88.674 64.829 106.809
131.894 97.616 73.992
115.500 97.616 47.183
100.597 75.261 53.175
96.126 55.887 127.781
130.403 88.674 65.181
119.971 84.203 47.228
105.068 103.577 41.175
69.300 122.952 117.280
67.810 81.223 74.117
85.694 69.300 84.519
94.635 60.358 106.794
125.932 97.616 114.382
96.126 48.435 80.197
96.126 111.029 80.041
103.577 99.106 111.195
88.674 49.926 100.915
66.319 91.655 63.677
109.539 61.848 96.325
111.029 67.810 135.196
97.616 112.519 63.637
122.952 57.377 123.300
105.068 55.887 90.465
58.868 100.597 51.582
121.461 102.087 56.174
93.145 85.694 82.713
93.145 82.713 85.694
106.558 115.500 114.010
82.713 90.165 51.416
91.655 111.029 119.971
119.971 112.519 124.442
109.539 79.732 111.029
121.461 97.616 47.189
91.655 106.558 38.150
93.145 82.713 51.629
114.010 131.894 99.339
91.655 64.829 97.922
72.281 75.261 136.705
125.932 75.261 73.985
94.635 85.694 74.047
103.577 121.461 44.281
99.106 63.339 56.127
100.597 99.106 65.179
76.752 76.752 80.052
60.358 84.731 47.121
70.790 115.500 136.677
72.281 128.913 75.567
61.848 100.597 75.516
96.126 88.674 82.713
134.874 85.694 85.694
72.281 96.126 90.165
85.694 102.087 116.990
54.397 108.048 79.732
60.358 105.068 85.694
112.519 73.771 90.165
57.377 90.165 115.500
116.990 116.990 139.345
103.577 58.868 109.809
93.145 118.481 47.185
109.539 84.203 44.160
52.906 79.732 54.629
109.539 70.790 48.746
115.500 61.848 108.323
69.300 94.635 114.380
85.694 76.752 45.714
60.358 76.752 120.263
90.165 63.339 50.213
91.655 121.461 65.165
75.261 58.868 78.510
111.029 105.068 81.458
131.894 67.810 97.897
88.674 133.384 102.288
61.848 109.539 118.481
85.694 112.519 51.603
94.635 84.203 108.325
105.068 102.087 115.721
61.848 91.655 90.416
108.048 103.577 45.649
54.397 99.388 84.484
54.397 91.655 94.856
81.223 121.461 124.635
58.868 84.203 136.365
87.184 119.971 49.926
90.165 130.403 75.548
88.674 122.952 117.229
90.165 72.281 77.056
131.894 106.558 97.868
73.771 63.339 68.046
72.281 118.481 111.319
105.068 93.145 53.159
79.732 73.771 60.575
75.261 63.339 54.697
76.752 61.848 114.155
109.539 133.384 106.909
58.868 79.732 136.648
102.087 125.932 112.871
88.674 102.087 109.750
85.694 55.887 81.582
75.261 90.165 93.145
57.377 87.184 105.288
61.848 64.829 117.290
90.165 55.887 97.828
97.616 136.365 88.674
96.126 51.416 77.129
122.952 110.124 139.345
102.087 51.416 77.139
112.744 109.539 129.589
69.300 76.930 38.182
64.829 76.752 39.494
94.635 136.522 98.176
64.829 111.029 56.215
60.358 91.655 72.539
115.500 76.752 127.629
119.971 61.306 74.046
78.242 96.126 69.548
51.416 97.987 78.612
116.990 69.300 44.324
82.713 69.300 140.835
91.655 117.919 88.934
61.848 76.752 135.049
64.829 115.500 90.526
61.848 93.145 83.031
108.048 130.403 77.115
69.300 82.713 90.320
63.339 121.461 97.616
115.878 72.281 92.033
111.029 139.345 119.971
81.223 61.848 47.325
81.223 127.423 100.801
99.106 115.500 87.184
96.126 97.616 84.203
112.519 76.752 144.038
48.435 97.616 111.029
82.713 75.261 66.319
88.674 38.003 108.224
109.539 106.558 121.640
61.848 109.539 103.737
67.810 58.868 98.098
64.829 123.162 126.142
75.261 72.281 79.953
111.029 93.145 58.868
103.577 118.481 108.235
75.261 91.655 118.481
78.242 76.752 124.442
84.203 76.752 124.442
90.165 133.384 119.971
128.913 105.068 53.098
119.971 115.500 57.569
106.558 109.539 121.653
52.906 79.998 69.566
78.242 85.694 72.672
64.829 96.866 122.202
111.029 63.339 59.069
78.242 69.300 42.678
75.261 99.106 69.482
90.165 75.261 51.629
119.971 81.223 112.519
81.223 76.752 81.223
58.565 72.872 51.704
94.635 75.261 79.732
64.829 108.048 126.155
118.481 64.829 121.689
76.752 94.635 54.397
130.403 99.106 87.184
90.165 81.223 78.437
67.810 122.952 72.514
124.442 108.048 45.749
78.242 54.397 81.223
90.165 84.203 42.474
105.068 67.810 42.722
69.300 118.481 57.624
75.261 100.597 82.713
112.519 116.990 85.953
64.829 105.068 80.000
70.790 93.145 122.952
122.952 69.300 112.519
70.790 114.010 142.326
114.010 121.461 84.203
84.203 93.145 36.794
136.365 66.319 103.577
60.358 96.126 119.971
82.870 87.512 75.432
88.674 105.801 51.685
122.952 118.481 125.932
102.087 100.597 49.926
53.489 75.645 118.680
88.674 54.397 69.300
124.442 69.989 72.510
78.242 48.860 118.481
64.829 91.655 105.338
76.752 60.358 93.145
100.597 70.790 59.180
76.752 85.694 90.370
82.713 111.029 115.819
69.300 52.906 109.859
118.481 102.087 84.203
72.281 78.242 65.154
79.732 57.377 64.829
109.539 57.377 126.264
90.165 119.971 83.047
121.830 72.649 84.203
57.377 67.810 85.694
72.281 44.737 120.216
105.068 54.397 65.173
70.790 73.771 67.810
119.971 84.203 123.217
85.694 70.790 49.926
100.597 87.688 42.474
80.237 140.835 66.824
105.068 100.597 119.971
40.984 99.106 115.798
78.242 116.990 90.538
93.145 107.155 87.352
112.519 91.655 71.018
64.829 90.165 82.940
91.655 60.358 87.545
54.397 100.138 80.059
54.397 78.242 130.403
97.616 109.539 84.441
79.732 118.048 125.932
68.172 101.355 124.838
80.167 126.577 87.394
75.261 75.261 128.913
127.423 109.539 82.713
73.771 38.003 116.990
99.106 64.829 124.442
49.926 117.170 92.239
81.223 122.952 85.694
96.126 100.597 40.984
75.261 102.087 66.319
49.926 106.558 64.829
133.384 72.759 74.249
76.752 93.145 43.965
57.377 72.281 84.566
76.752 51.416 66.968
108.048 131.894 116.990
110.129 91.960 121.747
125.932 114.519 65.338
88.674 88.674 65.113
96.126 70.020 111.749
108.048 119.971 142.833
85.694 60.358 82.713
111.029 116.106 117.165
66.319 121.461 44.407
84.494 83.306 42.776
55.887 103.577 57.633
96.126 111.029 47.267
57.377 61.848 129.488
116.990 112.519 138.100
127.423 79.732 85.965
55.887 67.810 63.587
85.694 112.519 56.300
122.952 125.932 96.537
93.145 49.926 115.874
87.184 44.602 79.732
69.300 130.403 86.087
114.010 106.804 109.785
114.010 127.423 76.752
46.945 81.223 71.008
70.790 115.500 68.238
108.048 51.416 94.635
143.816 97.616 106.558
67.810 112.519 90.552
124.442 73.771 112.917
76.878 125.932 48.879
118.481 120.310 112.858
79.732 119.971 44.146
90.165 90.397 29.136
66.319 116.990 78.649
124.579 118.481 51.875
81.223 57.377 116.990
85.694 84.203 63.702
76.752 58.868 116.990
60.358 109.539 108.424
39.494 91.804 71.240
70.790 127.423 92.010
91.655 43.965 90.515
137.106 85.694 122.203
69.300 83.196 62.332
78.242 124.442 62.081
66.319 125.932 62.123
45.455 109.539 114.415
137.855 111.326 65.126
124.442 109.539 124.875
75.261 124.442 118.923
78.242 91.655 87.184
87.184 123.497 70.959
115.682 62.615 138.037
63.339 87.184 121.912
140.835 103.577 66.319
52.906 79.732 84.359
54.397 106.558 66.319
124.442 72.281 65.326
63.339 70.790 139.758
125.932 116.990 121.461
106.558 87.184 48.435
124.442 60.358 94.959
94.635 108.048 53.200
60.358 121.461 117.394
79.732 60.358 84.492
106.558 115.500 127.709
64.829 76.752 61.848
87.184 79.732 112.519
82.713 48.435 112.887
130.403 115.500 88.674
135.065 87.184 112.710
119.971 67.810 52.906
130.403 67.810 93.707
70.790 64.829 84.598
133.384 90.165 60.555
90.165 109.539 78.242
100.597 121.461 63.686
102.087 78.242 88.674
81.223 52.906 60.553
75.261 97.616 106.747
139.345 93.145 111.029
118.481 96.126 105.367
58.868 111.029 94.887
63.339 69.300 103.828
124.442 102.087 119.971
49.926 110.011 70.947
114.010 116.990 90.396
84.203 60.358 120.201
121.461 122.952 115.692
118.481 105.068 60.358
63.339 93.145 56.079
75.261 75.261 51.617
58.868 79.732 105.465
127.423 103.577 96.272
67.810 64.829 47.165
102.087 48.435 80.086
105.068 66.319 91.978
105.068 67.810 125.932
66.319 114.010 130.403
82.713 121.461 102.504
84.203 139.345 108.048
70.790 125.932 63.573
94.635 54.397 69.550
81.223 54.397 69.464
51.416 91.655 60.508
112.519 49.926 69.608
70.790 99.106 63.548
93.145 67.810 105.300
88.674 75.261 39.799
57.377 99.106 72.444
108.048 76.752 36.705
54.397 67.810 120.322
55.887 87.184 129.254
100.597 97.616 35.255
73.771 73.771 86.100
118.481 67.810 118.856
93.145 49.926 96.294
121.461 108.048 87.405
100.951 96.480 51.416
61.848 63.339 121.859
69.300 111.029 133.621
67.810 105.068 48.781
63.339 66.319 47.197
112.519 67.810 78.565
70.790 134.874 74.090
109.539 90.165 54.397
64.829 69.300 60.737
109.539 125.932 100.822
145.306 88.674 79.732
114.010 84.203 82.909
105.068 61.848 69.456
118.481 103.577 79.865
73.771 60.358 106.935
72.281 94.635 74.103
88.674 119.971 87.584
108.048 95.364 59.097
108.048 61.848 63.663
70.790 118.481 71.159
109.539 76.752 81.587
82.713 134.874 65.020
78.242 124.442 56.215
118.481 58.868 126.358
57.377 75.261 72.592
64.829 84.203 57.640
105.068 61.848 91.997
73.771 93.145 111.336
114.010 59.002 89.081
125.932 70.790 103.831
105.068 61.848 56.178
94.635 52.906 83.043
128.913 94.635 60.665
66.319 103.577 63.678
97.616 85.694 105.366
121.461 91.655 47.122
99.106 43.965 103.815
67.810 82.713 44.182
76.752 102.087 56.271
118.481 78.242 45.716
108.048 84.203 106.880
119.971 116.990 111.435
108.048 115.500 132.221
109.539 85.694 68.190
81.223 91.655 45.834
58.868 88.674 81.581
57.377 91.655 75.474
91.655 72.281 81.609
102.087 105.068 38.340
79.732 111.029 45.813
67.810 73.771 48.590
49.926 70.790 74.012
75.261 82.713 118.821
70.790 64.829 56.187
87.184 130.403 109.778
111.029 124.442 69.492
85.694 97.616 105.233
79.732 133.384 85.883
84.203 130.403 86.017
97.616 54.397 130.825
90.165 42.474 75.687
54.397 61.848 126.292
88.674 112.519 86.098
78.242 67.810 109.719
109.539 70.790 132.170
85.694 57.377 105.296
49.926 87.184 77.102
96.126 58.868 81.497
75.261 125.932 53.214
115.500 122.952 65.023
75.261 111.029 127.713
100.597 64.829 51.755
121.461 91.655 56.143
58.868 76.752 102.482
85.694 111.029 90.421
106.558 121.461 54.622
119.971 75.261 54.599
109.539 57.377 47.199
75.261 72.281 42.819
111.029 109.539 48.634
94.635 122.952 54.615
64.829 76.752 121.769
49.926 85.694 72.581
105.068 105.068 53.054
99.106 78.242 109.917
81.223 119.971 88.990
58.868 82.713 117.368
76.752 52.906 62.077
70.790 57.377 93.366
124.442 82.713 115.686
91.655 84.203 54.715
115.500 111.029 115.878
87.184 49.926 74.021
64.829 124.442 54.660
58.868 70.790 118.820
121.461 105.068 68.052
73.771 67.810 126.112
75.261 115.500 112.897
84.203 121.461 111.270
67.924 79.732 56.316
63.339 106.558 72.501
46.945 87.184 111.292
63.339 61.848 84.434
66.319 114.010 87.498
99.106 61.848 91.955
61.848 99.106 66.642
116.990 108.048 51.632
58.868 69.300 135.023
42.474 91.655 88.978
61.848 76.752 129.093
111.029 63.339 133.594
73.771 55.887 75.460
87.184 91.655 73.917
97.616 73.771 105.338
94.635 109.539 72.557
85.694 46.945 115.763
78.242 108.048 78.467
97.616 66.319 87.520
116.990 91.655 48.683
115.500 122.952 118.718
82.713 109.539 120.279
99.106 127.423 74.042
102.087 82.713 115.707
99.106 66.319 69.715
127.423 82.713 77.052
103.577 49.926 72.682
51.800 73.771 78.626
76.752 94.635 72.567
91.655 97.616 32.220
103.577 139.345 112.822
87.184 115.500 69.641
42.474 73.771 76.982
127.423 118.481 60.696
93.145 105.068 41.240
57.377 72.281 115.676
60.358 69.300 47.196
125.932 69.300 56.066
111.029 91.655 115.794
111.029 134.874 103.893
60.358 66.319 50.131
125.932 96.126 96.353
84.203 57.377 65.063
112.519 121.461 105.458
67.810 122.952 123.213
64.829 76.752 112.799
124.442 118.481 117.329
115.500 114.010 78.550
75.261 60.358 69.603
67.810 87.184 120.320
84.203 51.416 68.177
70.790 70.790 77.017
106.558 59.230 106.920
81.609 79.732 108.435
72.281 69.300 38.154
103.577 72.281 45.760
137.855 90.165 87.373
109.539 112.519 141.119
64.829 116.990 120.237
82.713 82.713 80.018
116.990 116.990 72.599
70.790 122.952 136.604
96.126 70.790 60.753
97.616 73.771 88.876
64.829 108.048 144.113
76.752 69.300 54.716
79.732 54.397 86.029
94.635 82.713 42.745
116.990 78.242 132.192
79.732 64.829 45.707
116.990 75.261 135.263
73.771 78.242 42.474
118.481 105.068 93.145
73.771 70.790 82.967
109.539 57.377 53.230
99.106 75.261 115.769
72.281 64.829 42.717
134.874 90.165 90.399
69.300 64.829 118.720
121.461 105.068 84.428
70.923 63.339 45.908
90.165 128.913 83.047
93.145 103.577 78.451
75.261 72.281 135.277
72.281 75.261 111.303
106.558 61.848 117.311
115.500 70.790 78.493
60.358 112.683 78.777
105.068 73.771 118.688
69.300 90.165 102.422
124.442 91.655 103.747
91.655 55.887 75.261
119.971 100.597 48.726
139.345 75.261 112.759
88.674 52.906 65.085
60.358 102.087 62.079
81.223 75.261 54.658
71.548 78.623 72.657
97.616 70.790 86.009
100.597 127.423 63.568
36.513 88.674 74.131
76.752 63.339 75.517
72.281 108.048 81.570
43.965 88.674 103.766
73.771 121.461 57.623
128.913 115.500 59.165
99.106 45.455 75.639
90.165 128.913 69.654
81.223 67.810 75.511
109.539 66.846 63.865
54.397 90.165 105.306
124.442 79.732 62.160
67.810 88.674 68.048
106.558 60.358 126.222
122.952 82.713 72.509
128.913 75.261 105.338
66.319 93.145 47.150
63.339 69.300 71.097
128.913 94.635 81.437
97.922 65.436 74.072
125.932 87.184 103.759
66.319 106.558 138.156
103.577 133.384 63.581
130.403 115.500 81.528
55.887 66.319 59.071
88.674 82.713 105.293
51.416 82.713 93.411
108.048 85.694 63.635
96.482 133.384 111.385
121.744 119.066 90.467
106.558 99.106 47.294
100.597 136.365 118.761
116.990 81.223 47.250
102.087 67.810 50.236
116.990 70.790 88.878
81.223 114.010 120.214
103.577 115.500 141.194
131.894 81.223 62.119
125.932 108.048 57.694
49.926 109.539 106.818
137.855 85.694 103.835
79.732 127.423 132.120
103.577 66.319 75.500
60.358 72.454 56.500
91.655 99.106 53.375
108.048 78.242 59.071
111.029 121.461 77.046
49.926 94.635 97.913
99.106 103.577 36.727
85.694 128.913 129.100
115.500 66.319 114.320
114.010 94.635 72.618
96.126 91.655 75.441
119.971 109.539 118.931
103.577 69.300 90.466
61.848 70.790 50.290
64.829 90.165 109.810
61.848 78.242 123.281
125.932 61.848 117.278
82.713 58.868 51.572
88.674 115.500 121.719
87.184 105.068 45.747
70.790 48.435 115.874
69.300 106.558 141.081
76.752 73.771 111.341
81.223 131.894 63.510
128.913 106.558 59.280
91.655 55.887 93.437
97.616 121.461 56.143
118.481 88.674 106.772
79.732 54.397 75.580
99.106 121.461 111.339
60.358 76.752 112.760
133.384 84.203 105.272
82.713 67.810 108.277
51.416 109.539 100.827
99.106 54.397 69.611
100.597 94.635 66.599
128.913 85.694 68.068
109.539 130.403 71.001
73.771 91.655 72.600
124.442 91.655 114.329
103.577 61.848 121.683
63.339 75.261 56.162
73.771 63.339 109.824
122.952 105.068 105.342
52.906 84.203 81.489
75.261 128.913 79.966
66.319 55.887 59.124
52.906 90.165 99.436
81.223 96.126 36.744
118.481 79.732 136.646
133.384 94.635 108.328
82.713 102.087 73.990
96.126 102.087 103.852
90.165 88.674 48.730
69.300 108.048 78.426
79.732 88.674 44.277
100.597 145.306 112.756
85.694 118.481 45.675
106.558 118.481 48.801
82.713 102.087 69.577
108.048 57.377 65.238
72.281 61.848 62.139
97.616 119.971 118.723
79.732 130.403 90.370
100.597 119.971 71.002
72.281 124.442 45.728
121.461 79.732 128.913
63.339 61.848 97.616
125.932 70.790 118.481
78.242 105.068 120.204
69.300 99.106 81.480
90.165 61.848 60.358
87.184 136.365 118.481
146.797 81.223 119.971
84.203 49.926 78.242
108.048 103.577 87.184
64.829 48.435 103.577
111.029 130.403 105.418
57.377 115.500 108.048
97.616 115.500 112.519
140.835 78.242 116.990
75.261 79.732 124.442
84.203 119.971 77.046
52.906 76.752 57.377
142.326 91.655 96.126
119.971 133.384 103.577
128.913 100.597 90.165
75.261 106.558 61.848
109.539 125.932 119.971
102.087 143.816 119.971
90.165 70.790 121.461
119.971 115.500 140.835
87.184 109.539 40.984
85.694 97.616 40.984
82.713 115.500 60.358
149.777 96.126 76.752
97.616 82.713 87.184
78.242 128.913 105.068
64.829 127.423 124.693
106.558 60.358 139.345
82.713 122.952 60.358
111.029 118.481 63.339
106.558 127.423 64.829
112.519 61.848 93.145
46.945 119.971 102.087
40.984 90.165 108.048
139.345 73.771 119.971
38.003 102.087 119.971
64.829 96.126 61.848
82.713 40.984 121.461
76.752 127.423 66.696
102.087 54.397 129.169
102.087 90.165 39.714
76.752 102.087 49.926
84.203 48.435 121.461
61.848 118.481 112.519
79.732 70.790 48.435
97.616 122.952 79.732
63.339 111.029 121.461
81.223 103.577 88.674
91.655 42.474 99.106
45.455 96.126 79.732
57.377 99.106 108.048
72.281 66.319 114.371
103.577 115.500 75.571
69.300 100.597 140.835
97.616 145.306 119.971
106.558 54.397 139.345
76.752 76.752 58.868
100.597 72.281 63.339
99.106 112.519 67.810
103.577 88.674 85.694
108.048 78.242 87.184
69.300 116.990 87.184
69.300 63.339 109.539
99.106 112.519 49.926
99.106 111.029 124.442
72.281 109.539 54.397
67.810 81.223 123.225
81.223 99.106 40.984
116.990 108.048 137.855
114.010 75.261 109.796
100.597 103.577 79.947
61.848 109.539 57.702
85.694 72.281 109.832
61.848 103.577 56.081
102.087 123.436 87.669
78.242 82.707 88.674
116.990 106.558 123.180
72.281 116.990 62.077
103.577 63.339 111.371
70.790 72.281 129.158
73.771 130.403 72.589
78.242 122.952 111.390
93.145 133.384 100.814
38.003 97.616 109.701
105.068 121.461 68.025
84.203 85.694 69.569
70.790 84.203 123.222
70.790 67.810 41.237
63.339 76.752 93.450
94.635 48.435 87.580
105.068 118.481 77.058
102.554 79.966 56.120
55.887 90.165 91.880
49.926 112.519 99.346
72.281 115.500 51.754
64.829 84.203 45.660
108.048 102.087 69.521
40.984 94.635 75.503
103.577 100.597 45.766
102.087 58.862 139.345
70.790 67.810 53.141
93.145 63.339 94.910
116.990 75.261 57.671
97.616 136.365 65.164
108.048 61.848 129.307
60.358 106.558 112.724
82.713 52.906 88.951
130.403 76.752 111.235
118.481 99.106 45.711
94.635 131.894 60.613
70.790 108.048 129.285
111.029 94.635 77.038
96.256 82.713 80.200
105.068 91.655 48.710
72.281 119.971 53.170
105.068 57.377 132.175
133.384 88.674 105.398
105.068 119.971 57.663
94.635 128.913 105.336
133.384 94.635 100.823
81.223 106.558 42.722
99.106 84.203 109.790
60.358 76.752 87.445
76.752 81.223 72.542
90.165 70.790 48.720
64.829 119.971 72.733
60.358 73.771 48.666
103.577 61.848 100.904
84.203 52.906 63.655
94.635 128.913 63.658
63.339 111.029 76.991
85.694 136.365 112.988
52.906 69.300 62.124
58.868 122.952 91.825
69.300 108.048 111.242
84.203 128.913 108.316
136.365 66.319 97.901
125.932 109.539 75.583
64.829 87.184 66.589
57.377 79.732 93.472
112.519 100.597 117.239
64.829 112.519 48.667
112.519 102.087 42.678
112.519 125.932 106.880
76.752 69.300 75.438
100.597 46.945 72.651
48.435 102.087 114.236
66.319 84.203 50.135
69.300 119.971 78.509
96.126 87.184 59.205
52.906 69.300 79.930
96.126 63.339 100.835
116.990 58.868 121.840
78.242 114.010 50.095
122.952 112.519 57.644
105.068 58.868 81.546
96.126 54.397 105.257
122.952 94.635 118.723
112.519 79.732 139.594
125.932 84.203 69.518
85.694 58.868 78.471
75.261 124.442 81.501
109.539 118.481 126.266
76.752 96.126 81.477
88.674 121.461 112.847
106.558 75.261 51.734
109.539 114.010 48.652
75.261 121.461 84.605
124.442 73.771 105.280
108.048 97.616 109.748
58.868 73.771 91.941
63.339 111.029 51.715
121.461 119.971 71.027
97.616 64.829 97.833
121.461 85.694 106.734
58.868 93.145 111.386
115.500 105.068 85.969
91.655 85.694 50.179
103.577 54.397 93.424
119.971 111.029 135.077
82.713 130.403 102.307
51.416 100.597 69.570
122.952 88.674 112.869
58.868 61.848 117.293
78.242 111.029 120.233
61.848 116.990 83.000
130.403 99.106 129.114
103.577 109.539 118.723
66.319 118.481 66.542
69.300 79.732 45.794
82.713 60.358 62.109
70.790 64.829 66.602
64.829 105.068 57.643
108.048 82.713 60.603
108.048 91.655 42.764
93.145 48.435 100.935
60.358 81.223 81.465
64.829 66.319 54.723
112.519 105.068 120.198
76.752 96.126 41.264
82.713 131.894 97.845
58.868 87.184 112.784
61.848 90.165 60.616
61.848 81.223 77.070
79.732 93.145 76.994
119.971 116.990 117.332
124.442 109.539 118.771
116.990 55.887 62.149
137.855 93.145 90.363
124.442 119.971 112.882
94.635 108.048 39.806
97.616 87.184 54.661
108.048 87.184 117.186
88.674 115.500 103.925
49.926 99.106 106.773
73.771 111.029 48.619
78.242 81.223 77.038
100.597 82.713 38.350
76.752 63.339 65.032
94.635 108.048 108.274
103.577 60.358 72.554
140.835 85.694 76.974
91.655 78.242 44.152
124.442 87.184 75.462
57.377 81.223 130.755
97.616 130.403 68.185
119.971 72.281 50.271
84.203 72.281 81.397
109.539 102.087 77.077
90.165 49.926 68.131
114.010 114.010 136.610
121.461 61.848 86.029
79.732 118.481 74.008
67.810 63.339 91.924
82.713 42.474 109.772
119.971 84.203 76.982
66.319 67.810 51.695
97.756 109.539 115.988
114.010 87.184 108.243
88.674 97.616 59.094
125.932 93.145 62.082
87.184 119.971 94.881
45.455 105.068 112.730
76.752 85.694 62.097
112.519 115.500 79.966
131.894 114.010 71.030
124.442 78.242 115.850
109.539 54.397 117.228
139.345 99.106 106.781
112.519 57.377 64.829
114.010 115.500 60.711
64.829 114.010 63.566
111.029 72.281 51.689
64.829 116.990 69.534
90.165 49.926 87.514
90.165 124.442 66.576
96.126 54.397 80.102
103.577 124.442 48.727
78.242 122.952 74.098
109.539 93.145 81.496
100.597 51.416 100.886
105.068 116.990 72.448
81.223 61.848 56.202
51.416 76.752 88.909
114.010 69.300 51.682
124.442 105.068 71.039
52.906 105.068 75.625
114.010 100.597 91.911
137.855 97.616 109.842
60.358 84.203 57.377
61.848 81.223 106.864
88.674 94.635 79.998
102.087 111.029 59.038
72.281 67.810 136.671
115.500 66.319 79.961
112.519 64.829 53.230
67.810 112.519 44.190
78.242 58.868 59.109
131.894 93.145 62.061
64.829 121.461 109.712
75.261 105.068 54.646
85.694 88.674 106.889
102.087 87.184 59.187
115.500 90.165 114.480
63.339 81.223 60.358
87.184 115.500 108.270
97.616 60.358 111.280
45.455 85.694 102.299
119.971 76.752 111.347
122.952 116.990 75.522
87.184 70.790 45.822
105.068 64.829 82.922
94.635 93.145 78.460
66.319 67.810 80.087
100.597 55.887 105.353
93.145 61.848 99.311
105.068 55.887 53.074
87.184 121.461 90.533
67.810 75.261 133.606
72.281 78.242 48.824
127.423 91.655 106.899
94.635 66.319 68.166
111.029 73.771 142.650
106.003 75.261 40.208
130.403 108.048 51.686
105.068 64.829 72.512
79.732 124.442 129.162
85.694 106.558 63.581
46.945 96.126 62.187
115.500 66.319 47.194
70.790 94.635 50.216
73.771 111.029 82.964
84.203 57.377 100.901
69.300 88.674 72.590
111.029 128.913 90.446
102.087 118.481 65.066
84.203 115.500 78.483
133.384 114.010 82.930
90.165 57.497 72.400
84.203 131.894 75.497
103.577 57.377 100.926
116.990 106.558 133.503
73.771 57.377 109.873
99.106 78.242 71.065
122.952 116.990 69.552
52.906 83.304 108.213
121.461 114.010 112.808
70.790 90.165 120.281
128.913 81.223 114.200
122.952 105.068 129.192
96.126 64.829 60.692
119.971 73.771 74.069
85.694 84.203 108.456
63.339 102.087 120.189
91.655 125.932 84.432
82.713 94.635 80.033
94.635 91.655 47.126
109.539 124.442 108.369
72.281 57.377 114.377
124.442 105.068 81.435
72.281 51.416 103.854
119.971 81.223 69.479
66.319 125.932 57.605
69.300 121.461 51.721
112.519 63.339 36.772
69.300 58.868 59.105
49.926 96.126 102.332
102.087 49.926 87.591
73.771 84.203 108.394
67.810 118.481 118.739
119.971 96.126 68.105
81.223 84.203 112.770
73.771 112.519 66.618
64.829 88.674 71.003
76.752 55.887 114.275
79.732 58.868 48.679
103.577 74.769 78.935
99.106 105.068 106.699
102.087 78.242 114.362
102.087 128.913 71.078
81.223 100.597 83.106
103.577 63.339 105.278
78.242 64.829 115.500
108.048 142.326 115.712
66.319 87.184 74.134
115.500 115.500 123.308
45.455 82.713 74.152
99.106 127.423 97.815
63.339 107.550 140.835
93.145 130.403 115.768
108.048 94.635 87.539
78.242 106.558 53.096
115.500 91.655 77.042
108.048 119.971 51.713
124.442 115.500 42.945
100.597 75.261 111.255
93.145 60.358 69.688
79.732 69.300 129.274
100.597 90.165 81.423
84.203 111.029 108.408
57.377 93.145 96.461
83.888 72.407 87.312
97.616 69.300 123.108
55.887 114.010 93.503
69.300 52.906 87.427
115.500 61.848 42.754
131.894 108.048 118.481
67.810 112.519 62.042
130.403 99.106 102.368
119.971 93.145 70.790
119.971 54.397 60.684
72.281 124.442 90.348
67.810 67.810 74.039
69.300 67.810 85.925
70.790 67.810 59.136
121.461 93.145 84.505
93.145 67.650 75.657
130.403 80.746 73.003
87.184 45.455 102.253
79.732 49.926 114.303
93.145 85.694 60.528
63.339 121.461 114.171
99.106 118.481 51.780
103.577 90.165 51.836
75.261 128.913 118.647
76.752 125.932 126.143
72.281 88.674 90.310
133.384 72.281 112.519
117.150 106.558 38.488
84.203 70.790 60.614
90.165 122.952 85.963
79.732 111.029 82.901
78.242 119.971 135.051
125.932 108.048 53.165
72.281 91.655 84.410
111.029 90.165 111.339
88.674 91.655 82.713
121.461 121.461 111.207
119.971 88.674 45.811
72.281 57.377 97.858
69.300 66.319 44.270
99.106 67.810 45.769
96.126 102.087 80.021
93.145 105.068 54.783
72.281 70.790 65.087
99.106 94.635 108.234
55.887 97.616 66.748
38.003 106.558 115.683
137.855 105.068 65.012
103.577 91.655 82.897
114.010 84.203 48.435
69.300 88.674 84.405
82.713 73.771 122.952
119.971 115.500 45.725
72.281 48.435 111.223
94.635 88.674 40.984
79.732 128.913 65.096
78.242 97.616 109.787
125.932 97.616 88.908
76.752 119.971 106.882
94.635 57.377 84.555
111.029 73.924 72.778
99.106 114.010 121.461
100.597 119.971 45.815
66.319 68.819 145.306
119.971 115.500 71.010
67.810 100.597 78.527
125.932 119.971 124.642
93.145 78.242 84.410
133.384 100.597 88.674
61.848 81.223 120.296
55.887 88.674 70.980
63.339 85.694 97.893
64.829 109.539 74.108
66.319 109.539 112.715
88.674 76.752 68.040
72.281 69.300 80.085
93.145 58.868 90.504
75.261 54.397 71.002
111.029 133.384 72.281
116.990 133.384 100.809
55.887 102.087 94.837
84.203 134.874 108.048
121.461 76.752 72.511
116.990 108.048 111.306
99.106 90.165 56.110
63.339 121.461 90.350
79.732 116.990 82.938
112.519 127.423 71.009
115.500 78.242 114.010
78.242 122.952 88.934
81.223 79.732 56.108
111.029 96.126 105.289
76.752 108.048 105.287
128.913 81.223 82.932
63.339 124.442 123.166
118.481 112.519 120.201
108.048 69.300 53.130
57.377 73.771 126.157
72.281 63.339 148.287
91.655 121.461 100.768
51.416 73.771 55.887
78.242 60.358 54.611
119.544 105.703 112.728
73.771 66.319 48.792
66.319 63.339 63.569
118.481 64.829 55.887
75.261 64.829 136.598
99.106 134.874 78.242
55.887 66.319 126.351
66.319 125.932 73.771
128.913 106.558 105.347
67.810 75.261 54.631
66.319 91.655 120.204
94.635 63.339 49.926
73.771 60.358 115.737
90.165 66.319 57.617
82.713 91.655 55.887
63.339 112.519 108.235
88.674 122.952 96.367
72.281 121.461 48.740
78.242 75.261 82.954
105.068 112.519 136.657
96.126 94.635 48.629
115.500 97.616 78.505
115.500 66.319 139.590
128.913 91.655 99.515
63.339 66.319 74.015
105.068 114.010 124.686
111.029 111.029 87.430
93.145 60.358 117.239
133.384 66.319 100.847
64.829 78.242 90.320
64.829 88.674 62.099
127.423 93.145 111.432
88.674 102.087 114.010
134.874 105.068 99.106
87.184 108.048 91.655
105.068 130.403 60.612
109.539 130.403 100.856
79.732 94.635 106.558
87.184 54.397 103.889
90.634 109.539 42.943
97.616 76.752 91.655
88.674 119.971 72.281
94.635 67.810 80.000
57.377 106.558 78.503
60.358 109.539 81.489
133.384 73.771 102.365
58.868 105.068 115.765
122.952 72.281 99.671
99.106 119.971 75.526
84.203 85.694 116.990
105.068 76.752 106.558
128.913 82.713 87.184
116.990 119.971 82.982
93.145 58.868 57.654
108.048 70.790 39.494
115.500 82.713 63.339
97.616 84.203 70.968
114.010 61.848 60.633
72.281 116.990 140.835
108.048 58.868 60.635
79.732 54.397 118.481
96.126 46.945 93.145
49.926 103.702 88.799
127.423 108.048 120.155
61.848 67.810 56.132
121.461 103.577 115.500
102.087 66.319 44.249
142.326 82.713 117.275
105.068 105.068 85.977
99.106 67.810 65.299
72.281 52.906 112.519
61.848 79.732 97.946
91.655 82.713 81.516
81.223 73.771 112.519
121.575 81.223 44.336
108.048 75.261 84.431
99.106 87.184 84.498
64.829 70.790 56.125
128.913 102.087 133.686
73.771 112.519 53.046
100.597 99.106 108.355
65.193 66.319 92.018
103.577 100.597 78.552
46.945 81.223 64.971
108.048 108.849 43.965
91.655 75.261 55.887
116.990 114.010 59.181
97.616 67.810 100.910
82.828 81.223 75.693
60.358 76.752 74.194
93.145 36.513 75.582
121.461 94.635 49.926
73.771 96.126 48.582
75.261 82.713 66.642
57.377 70.790 137.855
84.203 98.418 88.897
109.539 109.539 71.118
64.829 112.519 68.038
75.261 124.442 130.688
55.887 112.519 106.889
91.655 114.010 117.308
116.990 124.442 59.205
112.519 52.906 76.984
81.223 99.462 111.384
79.732 106.558 57.532
84.203 51.416 118.481
119.971 64.829 74.075
99.106 66.319 59.026
70.790 73.771 115.500
88.813 114.010 62.323
137.855 112.519 75.420
118.481 119.971 68.161
85.694 67.810 111.029
85.694 121.461 56.242
112.215 71.383 145.595
103.577 118.481 54.603
57.377 108.048 114.170
116.990 97.616 66.776
128.913 81.223 50.309
128.913 113.890 63.576
143.816 76.752 115.663
108.048 127.423 116.990
111.029 118.481 141.198
126.040 90.165 54.792
66.319 76.752 125.932
76.752 71.611 85.948
82.713 102.087 47.154
111.029 58.868 94.887
79.732 90.165 84.203
99.106 119.971 60.358
106.558 116.990 148.287
81.223 63.339 85.694
84.203 60.358 69.675
112.519 97.616 114.010
75.261 124.442 99.106
60.358 112.519 63.713
96.126 51.416 117.366
112.519 82.713 108.218
128.913 90.165 62.270
114.010 111.029 66.489
112.519 61.848 136.716
91.655 43.965 69.616
93.145 128.913 85.939
64.829 63.339 115.866
58.868 111.029 119.971
99.106 122.952 122.952
46.945 75.261 66.319
84.203 91.655 84.203
116.990 61.848 134.874
102.087 109.539 46.945
46.945 114.010 118.887
55.887 93.145 106.766
121.461 124.442 93.325
99.106 87.184 62.100
81.223 125.932 135.279
63.339 88.674 103.577
88.674 52.906 106.935
63.339 87.184 49.926
106.558 67.810 135.057
39.494 105.068 118.481
72.281 105.068 124.562
70.790 97.616 54.397
70.790 121.461 39.760
134.874 96.126 105.486
61.848 97.616 117.175
84.203 137.855 81.223
107.300 102.087 90.906
111.029 122.952 81.434
106.558 103.577 121.461
90.165 133.384 84.203
97.616 42.474 106.896
61.848 70.790 61.848
100.597 137.855 114.341
105.068 130.403 115.697
79.732 124.442 94.880
137.855 84.203 112.761
116.990 64.829 68.020
120.062 60.358 69.632
102.087 112.519 122.952
72.281 90.165 54.753
100.597 49.926 82.866
81.223 125.932 114.210
123.174 104.643 87.437
87.184 90.165 52.906
52.906 78.242 66.319
88.674 81.223 85.694
96.126 72.281 91.655
130.403 91.350 93.587
112.519 103.577 93.145
54.397 64.829 61.848
79.732 115.500 45.798
111.029 96.126 91.655
112.519 118.481 119.971
91.655 76.752 87.184
109.539 121.461 119.971
78.242 118.730 94.885
72.281 115.500 76.974
75.261 99.106 121.670
81.223 82.713 45.885
90.165 124.442 72.490
85.694 88.674 44.400
111.029 99.106 64.829
118.481 87.184 109.918
91.655 94.635 77.130
116.990 121.461 94.635
58.868 64.829 127.726
76.752 124.442 137.855
91.655 118.481 121.675
61.848 79.732 46.945
136.365 84.203 118.690
46.945 85.694 82.713
81.223 93.145 85.694
67.810 87.184 60.574
112.519 63.339 47.196
116.990 125.932 97.616
54.397 64.829 71.008
103.577 112.519 63.556
102.087 81.223 45.672
87.184 84.203 84.421
76.752 111.029 68.245
57.377 76.752 138.075
125.932 67.810 99.106
108.048 114.010 42.696
124.442 88.674 120.193
55.887 100.597 101.005
87.184 99.106 87.184
97.616 99.106 67.810
108.048 64.829 93.428
67.810 75.261 60.564
69.300 93.145 111.248
115.500 51.416 84.430
97.616 45.455 114.236
67.810 63.339 51.630
119.971 66.319 124.442
88.674 115.500 88.674
115.500 103.577 53.338
97.616 76.752 56.242
90.165 73.771 88.674
114.010 67.810 82.713
87.184 58.868 108.048
84.203 116.990 82.992
61.848 64.829 68.038
85.694 87.184 66.549
97.616 122.952 74.002
96.126 93.145 38.467
94.635 61.848 86.129
103.577 84.203 90.165
137.855 99.106 76.932
131.894 91.655 115.732
131.894 72.281 105.253
85.694 52.906 72.515
109.539 46.945 64.829
125.932 103.577 130.712
88.674 63.339 122.952
114.010 121.461 121.461
87.184 45.455 66.687
116.990 96.126 49.926
121.461 119.971 120.210
84.203 116.990 50.150
42.474 85.694 73.771
97.616 137.855 79.732
103.577 115.500 45.693
108.048 61.848 136.603
137.855 79.732 118.481
106.558 87.184 84.203
73.771 108.048 112.519
105.068 66.319 78.617
66.319 72.281 109.965
78.242 85.694 111.216
97.616 108.048 68.053
103.577 75.261 124.442
58.868 93.145 87.547
130.403 116.990 68.399
69.300 81.223 59.116
75.261 87.184 64.829
106.558 90.165 87.184
66.319 122.952 59.372
78.242 90.165 58.868
49.926 114.010 103.577
85.694 108.048 115.752
112.519 61.848 56.188
111.029 43.965 77.004
84.203 102.087 41.230
99.106 76.752 67.810
82.713 71.279 66.808
133.384 84.203 68.221
139.345 94.635 115.500
55.887 85.694 111.029
73.771 72.281 145.562
73.771 66.319 78.510
93.145 115.500 112.754
87.184 127.423 75.770
103.577 51.910 107.052
69.300 108.048 53.282
115.500 116.990 56.197
58.868 71.094 123.255
66.319 115.500 138.115
58.868 81.223 127.654
63.339 69.300 38.196
106.558 73.771 67.993
96.126 55.887 109.823
96.126 81.223 65.014
111.029 72.281 69.679
124.442 82.713 123.214
78.242 117.225 42.709
99.106 73.771 93.145
72.281 130.403 84.373
88.674 102.087 71.015
82.713 82.713 38.311
55.887 105.068 91.655
58.868 90.165 78.484
105.068 88.674 45.455
58.868 82.713 108.297
57.377 100.597 85.694
46.945 103.577 117.257
106.558 79.732 45.455
51.416 103.577 115.768
88.674 51.416 97.820
125.932 97.616 106.761
91.655 122.952 49.926
96.126 130.403 108.048
75.261 66.319 147.014
56.018 102.087 110.023
103.577 130.403 75.519
58.868 79.732 121.676
78.242 69.300 146.797
66.319 90.165 92.141
102.087 97.358 87.527
91.655 54.397 115.775
75.261 67.810 60.358
63.339 70.790 112.742
109.539 87.907 73.003
78.242 122.952 97.803
67.810 72.281 142.602
57.377 84.203 88.674
119.971 111.029 50.176
76.752 76.752 105.345
69.300 99.106 47.210
97.616 63.339 45.630
125.932 115.500 84.557
66.319 79.732 71.201
82.713 60.358 114.335
111.029 108.048 124.442
91.655 58.868 108.328
114.010 134.874 102.087
97.616 133.384 71.035
78.242 96.126 45.870
96.126 79.732 47.227
73.771 122.952 93.292
75.261 134.874 66.319
63.339 64.829 108.259
91.655 82.713 73.910
46.945 90.165 90.449
102.087 81.223 119.971
94.635 43.965 113.046
84.203 91.655 48.721
94.635 43.965 87.408
94.635 106.558 44.219
115.500 116.990 118.762
94.635 85.694 65.070
94.635 114.010 78.242
72.651 88.674 114.380
42.474 85.694 108.461
133.384 103.577 105.359
108.048 66.319 54.799
125.932 67.810 62.157
75.261 49.926 112.915
134.874 91.655 103.873
112.519 134.874 111.283
76.752 67.810 114.010
99.106 51.416 75.465
49.926 100.597 65.266
72.281 121.624 62.011
61.848 75.261 65.283
90.165 84.203 59.167
128.913 70.790 70.971
99.106 128.913 84.203
40.984 102.087 114.143
64.829 128.913 127.837
78.242 79.732 45.735
84.203 103.577 114.311
118.481 61.848 39.782
100.597 60.358 105.365
84.203 142.326 76.752
118.481 67.810 93.145
81.223 63.339 112.844
121.461 82.713 87.184
106.558 133.384 114.313
94.635 36.513 71.180
124.442 106.558 115.770
97.616 96.126 59.174
87.184 88.674 85.694
84.203 134.874 103.922
108.048 112.519 133.865
52.906 82.713 130.879
81.223 111.029 122.952
81.223 86.493 51.416
96.126 72.281 56.140
76.752 67.810 135.241
112.519 103.577 124.442
91.655 105.068 50.219
103.577 114.010 78.629
91.655 116.990 66.685
84.203 112.519 87.403
73.631 87.323 40.984
131.894 100.597 132.206
103.931 43.007 66.498
128.913 108.048 56.062
52.906 96.126 106.844
96.126 81.223 84.518
96.126 69.300 88.674
78.242 69.300 141.189
60.358 94.635 57.687
115.500 97.616 85.923
53.035 109.539 108.496
46.945 81.223 94.861
61.848 57.377 115.710
91.655 124.442 79.972
106.558 106.558 81.420
96.126 93.145 52.906
51.416 82.713 85.945
99.106 116.990 109.763
111.029 67.810 60.575
91.655 70.790 112.793
67.810 62.062 133.598
128.913 77.258 81.729
99.106 131.894 109.837
81.223 124.442 65.092
116.990 115.500 65.173
78.242 67.810 47.301
111.029 102.087 83.074
75.261 88.674 53.093
58.868 112.519 99.321
133.384 88.674 99.413
76.752 128.913 84.203
84.203 142.442 69.687
75.261 55.018 82.713
114.010 78.242 130.578
100.597 84.203 72.579
72.281 82.713 91.930
122.952 85.694 78.562
114.010 66.319 72.591
78.242 73.771 120.225
122.952 69.300 93.303
118.481 93.145 82.895
88.674 60.358 57.707
75.261 127.423 73.969
70.790 43.965 114.259
67.810 121.461 114.425
115.500 66.319 63.630
100.597 122.952 81.453
87.184 128.913 68.048
103.577 111.029 142.326
117.094 67.810 59.242
36.513 103.577 114.341
134.122 98.354 84.203
109.539 66.319 114.210
131.894 82.713 81.555
73.771 61.848 94.947
69.300 54.397 91.899
90.165 48.435 94.946
82.713 66.319 71.092
91.655 121.461 57.591
90.165 52.906 102.429
82.713 105.068 71.173
114.010 116.990 126.182
63.339 81.223 83.060
66.319 112.519 53.141
111.029 109.539 108.232
136.365 93.145 94.963
118.481 94.635 94.930
70.790 63.339 69.639
127.423 108.048 99.431
96.126 58.868 71.049
79.732 108.048 84.493
78.242 116.990 52.906
75.261 75.261 123.191
90.165 140.835 114.010
102.087 57.377 57.377
136.365 99.106 71.152
70.790 118.481 135.090
99.106 124.442 71.199
119.971 73.771 68.051
112.519 76.752 136.687
87.184 142.326 111.391
42.474 90.165 92.008
60.358 115.500 57.617
118.481 72.281 127.701
115.500 61.848 115.820
63.339 94.635 106.756
109.539 118.481 133.635
88.674 78.242 106.904
48.435 82.713 76.922
96.126 109.539 112.805
106.558 96.126 44.204
57.377 73.771 76.997
114.010 115.500 115.705
84.203 105.068 44.168
63.339 124.442 72.281
61.848 103.577 69.591
54.397 91.655 66.623
87.184 127.423 106.855
75.261 103.577 109.835
96.126 99.106 35.213
81.223 136.365 76.752
61.848 91.655 94.943
112.519 57.377 84.435
69.300 88.674 122.952
85.694 111.029 64.829
82.713 109.539 81.443
88.674 55.887 100.851
72.405 103.577 136.787
72.281 106.558 142.676
109.539 64.829 109.812
119.971 78.242 66.735
60.864 56.647 96.379
67.810 69.300 48.689
108.048 60.358 79.958
81.223 106.558 76.937
85.694 99.106 109.779
109.539 119.971 112.883
105.068 79.732 35.188
121.461 75.261 106.771
57.377 72.281 129.178
63.339 81.223 102.360
66.319 78.242 106.922
114.010 87.184 84.497
84.203 93.145 53.152
70.790 64.829 60.701
90.165 90.165 77.054
105.068 94.635 78.609
49.926 100.597 84.385
45.455 90.165 108.356
100.597 72.281 51.611
121.461 84.203 114.439
124.442 108.048 63.607
66.319 128.913 65.033
66.319 51.416 93.349
114.010 114.010 42.792
81.223 125.932 59.192
75.261 96.126 63.685
121.461 70.790 118.695
102.087 46.945 65.049
97.616 85.694 66.626
125.932 84.203 120.290
91.655 57.377 81.584
124.442 85.918 108.272
111.029 119.971 108.327
125.932 82.713 63.528
67.810 67.810 62.069
116.990 76.752 74.029
42.474 93.145 69.548
118.481 57.377 59.209
93.145 136.365 94.967
82.713 102.087 85.953
73.771 100.597 59.073
85.694 106.558 50.332
133.384 96.126 115.754
118.481 84.203 44.165
63.339 73.771 127.843
122.952 66.319 90.458
79.732 124.442 117.242
90.165 67.810 51.836
91.655 58.868 77.089
118.481 58.868 72.281
122.952 103.577 100.852
82.713 55.887 80.036
97.616 97.616 39.671
131.894 108.048 58.868
121.461 105.068 123.318
112.519 93.145 87.456
96.126 76.752 111.434
119.971 94.635 111.281
72.281 75.261 63.610
52.906 112.519 105.329
111.029 97.616 59.050
84.203 43.965 114.286
54.397 99.106 75.520
108.048 106.558 84.505
85.694 73.771 44.114
87.184 133.384 81.525
81.223 66.319 54.706
66.319 79.732 42.756
63.339 103.577 45.706
67.810 108.048 127.694
81.223 78.242 44.277
100.597 112.519 62.016
102.087 121.461 109.801
102.388 105.667 109.836
87.184 114.010 82.997
48.435 79.732 87.440
122.952 108.048 127.653
93.145 122.952 87.502
146.797 79.732 115.798
85.694 115.500 120.181
76.752 40.984 117.217
72.281 121.461 120.150
57.377 81.223 97.910
79.732 119.971 84.472
73.771 102.087 62.298
100.597 102.087 105.273
112.519 112.519 132.126
63.339 100.597 112.851
75.261 108.048 84.492
102.087 115.500 42.667
60.358 90.165 105.298
85.694 127.423 135.153
91.655 137.855 108.369
60.358 78.242 57.649
82.713 94.635 60.358
73.771 112.519 136.619
96.126 122.952 120.298
79.732 88.674 77.092
94.635 64.829 121.792
112.519 111.029 69.631
112.519 88.674 66.654
66.319 78.242 102.320
72.281 97.616 68.245
85.694 87.184 60.681
67.810 49.926 100.838
128.913 103.577 114.434
131.894 103.577 96.344
131.894 81.223 115.731
66.319 128.913 121.781
66.319 124.442 132.223
67.810 69.300 68.138
112.519 81.223 64.829
119.971 78.242 82.713
106.558 60.358 114.248
72.281 125.932 132.126
54.397 112.519 88.908
109.539 75.261 123.226
103.577 52.906 70.790
67.810 61.848 112.519
108.048 111.029 73.771
88.674 99.106 111.303
67.810 108.048 135.147
55.887 78.242 96.357
103.577 57.377 114.249
84.203 85.694 45.835
58.868 100.597 69.648
99.106 122.952 108.310
133.384 87.184 63.643
105.068 82.713 84.440
73.771 122.952 138.159
72.281 60.772 119.971
115.500 52.906 61.848
114.010 79.732 46.945
127.423 93.145 78.541
88.674 69.300 111.338
116.990 110.736 39.494
85.694 57.377 68.143
102.087 76.752 42.675
112.519 99.106 87.455
100.597 55.887 90.165
90.165 108.048 86.121
64.829 72.281 36.677
108.048 61.848 51.749
103.577 67.810 53.231
72.281 93.145 118.780
91.655 61.848 84.501
79.732 121.461 60.640
55.887 93.145 116.990
75.261 88.674 59.148
112.519 100.597 53.128
119.971 72.281 108.048
124.442 99.106 116.990
94.635 91.655 29.216
125.932 111.029 127.713
82.713 76.752 60.637
94.635 66.319 114.442
57.377 81.223 57.663
75.261 57.377 106.558
128.913 66.319 61.848
116.990 67.810 123.144
66.319 100.597 48.435
66.319 116.990 59.340
85.694 116.990 62.108
81.223 108.048 54.667
106.558 118.481 81.487
109.539 124.442 114.218
114.010 75.261 41.227
114.010 58.868 62.235
124.442 111.029 90.425
128.913 99.106 108.344
111.029 73.771 42.706
82.713 122.952 81.477
75.261 108.048 67.997
85.694 99.106 68.075
119.971 102.087 109.539
131.894 81.223 88.938
76.752 78.242 75.512
122.952 100.597 46.945
108.048 115.500 45.705
114.010 100.597 63.339
88.674 114.010 50.174
70.790 69.300 132.060
100.597 58.868 129.262
112.519 66.319 124.684
119.971 55.887 126.117
94.635 54.397 75.514
69.300 88.674 51.416
94.635 136.365 69.612
102.087 63.339 124.680
94.635 43.965 94.635
73.771 78.242 84.203
49.926 90.165 105.307
57.377 67.810 132.070
139.345 88.674 66.522
60.358 121.461 88.830
115.500 94.635 106.787
81.223 119.971 111.029
116.990 64.829 83.243
78.242 70.790 133.691
118.481 76.752 60.358
76.752 79.732 120.390
114.010 125.932 118.481
67.810 75.261 121.461
116.990 97.616 72.503
75.261 67.810 130.676
66.319 67.810 114.352
75.261 84.203 43.965
61.848 75.261 96.358
103.577 46.945 96.333
79.732 61.848 115.718
90.165 122.952 107.031
133.384 108.048 54.544
54.397 69.300 84.411
70.790 48.435 100.597
79.732 88.674 112.727
69.300 119.971 44.192
136.365 99.106 105.265
114.010 109.539 138.075
87.184 73.771 51.416
99.106 81.223 69.518
116.990 66.319 53.111
60.358 112.519 70.958
105.068 69.300 121.699
87.184 64.829 115.919
88.674 93.145 30.552
88.674 58.868 118.696
118.481 70.790 84.403
105.068 118.481 138.076
124.442 85.694 54.397
75.261 91.655 41.182
88.674 106.558 55.887
93.145 111.029 55.887
72.281 100.597 112.519
103.577 125.932 120.363
66.319 69.300 39.702
118.481 57.377 117.305
115.500 91.655 85.951
91.655 73.771 68.213
109.539 75.261 128.913
115.912 93.345 112.731
109.539 96.126 40.984
96.126 81.223 114.010
131.894 100.597 106.792
78.242 69.300 81.223
69.300 88.674 109.539
100.597 131.894 67.998
124.442 118.481 59.182
106.558 58.868 85.694
91.655 49.926 103.768
128.913 103.577 56.093
66.319 96.126 115.922
99.106 84.203 63.662
114.010 115.500 129.219
108.048 114.010 77.070
70.790 118.481 38.191
96.126 137.855 108.048
55.887 102.087 72.631
111.029 122.952 96.126
49.926 76.752 94.635
128.913 111.029 119.971
100.597 128.913 100.910
121.461 106.558 45.455
133.384 103.577 93.328
54.397 91.655 71.198
96.126 63.339 66.600
82.713 131.894 90.542
85.694 51.416 106.732
91.655 78.242 80.161
91.655 54.397 59.041
109.539 75.261 109.724
73.771 94.635 51.789
72.281 99.106 82.980
105.068 111.029 60.538
106.558 57.377 103.878
76.752 118.481 48.806
61.848 58.868 112.680
109.539 121.461 103.728
109.539 57.377 130.610
105.068 124.442 112.700
124.442 100.597 106.931
51.416 67.810 70.790
90.165 85.694 36.873
102.087 52.906 65.017
96.126 116.990 119.971
48.435 72.281 66.566
60.358 108.048 62.194
87.184 99.106 38.203
118.481 115.500 124.807
96.126 85.694 33.733
49.926 70.790 82.713
87.184 109.539 56.121
70.790 114.010 79.961
90.165 87.184 60.703
72.281 118.481 121.810
105.068 81.223 53.219
105.068 102.087 48.657
85.694 136.365 68.176
93.145 55.887 111.321
119.971 99.106 120.212
122.952 96.126 100.846
93.145 124.442 106.801
134.874 100.597 74.039
48.435 90.165 86.036
102.087 97.616 114.163
60.358 70.790 42.880
42.474 81.223 74.002
55.887 90.165 62.067
76.752 119.971 91.856
116.990 94.635 77.210
106.558 131.894 111.189
108.048 63.339 112.686
99.106 48.435 114.403
124.442 105.068 136.779
99.106 134.874 112.807
119.971 81.223 74.047
102.087 51.416 93.565
118.481 69.300 62.029
66.319 70.790 63.568
115.500 114.010 132.259
108.048 121.461 115.722
88.674 85.694 63.554
81.223 133.384 102.444
121.461 78.242 124.783
105.068 116.990 130.861
69.300 102.087 42.656
102.087 91.655 74.062
81.223 134.874 69.422
94.635 133.384 106.741
111.029 103.577 47.145
143.816 81.223 114.338
125.932 109.539 135.127
105.068 105.068 45.791
79.732 122.952 68.007
115.500 70.790 120.372
69.300 109.539 39.665
67.810 105.068 109.686
93.145 108.048 112.918
115.500 63.339 50.223
70.790 137.855 68.118
72.281 93.145 87.454
109.539 72.281 63.583
94.635 85.694 36.912
79.732 119.971 56.239
46.945 97.616 66.629
114.010 121.461 115.841
61.848 78.242 109.864
73.771 69.300 42.700
90.165 64.829 47.110
73.771 106.558 42.675
84.203 131.894 80.289
131.894 106.558 93.442
111.029 70.790 139.614
57.377 84.203 129.142
116.990 70.790 139.589
109.539 119.971 71.011
130.403 93.145 87.501
66.319 111.029 127.790
84.203 137.855 65.130
64.829 61.848 109.804
42.474 99.106 112.683
118.481 63.339 108.228
72.281 109.539 78.540
79.732 91.655 79.977
121.461 122.952 90.342
52.906 81.223 100.896
100.597 70.790 81.409
118.481 78.242 127.738
73.771 100.597 44.284
124.442 79.732 82.938
127.423 112.519 84.467
67.810 119.971 39.630
69.300 70.790 51.618
119.971 114.010 53.159
96.126 140.835 73.971
130.403 109.539 74.040
103.577 88.674 105.350
94.635 130.403 100.916
103.577 67.810 83.007
61.848 78.242 54.585
57.377 79.732 53.090
109.539 69.300 109.739
90.165 130.403 65.012
51.416 85.694 102.292
119.971 118.481 53.178
103.577 64.829 85.984
84.203 124.442 105.380
88.674 133.384 109.874
137.855 96.126 103.714
114.010 96.126 88.851
76.752 122.952 69.571
52.906 64.829 120.244
70.790 124.442 59.017
52.906 90.165 109.844
115.500 99.106 108.331
91.655 75.261 41.292
109.539 87.184 106.803
82.713 124.442 120.346
94.635 51.416 105.333
109.539 78.242 39.805
82.713 134.874 93.486
72.281 54.397 87.499
66.319 76.752 87.451
66.319 108.048 50.251
99.106 115.500 79.994
82.713 63.339 69.586
96.126 94.635 32.232
66.319 51.416 97.928
116.990 69.300 69.549
91.655 116.990 82.959
58.868 94.635 103.878
79.732 100.597 108.277
81.223 69.300 84.376
43.965 96.126 69.481
84.203 64.829 106.763
108.048 69.300 106.722
75.261 76.752 54.649
51.416 84.203 69.542
61.848 102.087 109.886
60.358 64.829 111.256
102.087 63.339 78.499
73.771 109.539 44.218
60.358 75.261 117.226
69.300 114.010 51.670
70.790 87.184 54.690
78.242 103.577 106.747
115.500 97.616 59.230
121.461 87.184 53.167
60.358 91.655 68.170
61.848 106.558 68.072
63.339 87.184 114.235
108.048 91.655 114.295
122.952 82.713 111.363
49.926 94.635 60.619
109.539 60.358 71.066
52.906 97.616 65.101
90.165 40.984 71.074
96.126 51.416 112.729
109.539 78.242 120.174
84.203 115.500 45.620
75.261 72.281 141.052
99.106 105.068 84.478
99.106 48.435 106.776
125.932 103.577 53.045
106.558 118.481 111.366
49.926 103.577 111.259
125.932 111.029 94.948
146.797 87.184 109.753
82.713 73.771 108.299
82.713 103.577 50.137
73.771 58.868 93.316
96.126 72.281 108.313
64.829 106.558 75.602
115.500 91.655 51.707
105.068 99.106 42.793
125.932 94.635 91.879
100.597 142.326 117.193
109.539 119.971 59.167
46.945 72.281 74.058
96.126 91.655 33.951
131.894 93.145 97.900
63.339 111.029 81.418
85.694 84.203 57.753
87.184 76.752 109.900
58.868 66.319 120.162
85.694 124.442 111.226
61.848 97.616 78.472
125.932 94.635 66.602
66.319 75.261 105.361
48.435 96.126 87.437
97.616 70.790 51.653
48.435 94.635 68.165
84.203 79.732 41.294
124.442 106.558 132.253
72.281 61.848 54.610
118.481 116.990 82.942
137.855 85.694 72.546
81.223 124.442 103.759
73.771 116.990 136.610
115.500 103.577 121.728
125.932 118.481 56.125
64.829 73.771 117.224
88.674 102.087 47.258
121.461 108.048 93.404
119.971 108.048 133.568
134.874 88.674 87.325
64.829 61.848 87.427
105.068 93.145 44.293
73.771 87.184 87.442
73.771 43.965 117.333
90.165 97.616 36.690
90.165 73.771 112.856
112.519 58.868 59.081
121.461 97.616 112.795
121.461 73.771 78.502
78.242 127.423 135.304
97.616 64.829 63.674
109.539 70.790 66.639
40.984 109.539 114.224
75.261 103.577 120.180
112.519 64.829 120.244
111.029 55.887 74.099
69.300 127.423 117.205
88.674 42.474 108.352
100.597 124.442 68.018
118.481 109.539 60.665
73.771 69.300 53.083
90.165 76.752 47.275
122.952 88.674 56.124
82.713 79.732 82.955
55.887 81.223 66.463
76.752 114.010 106.783
131.894 72.281 70.956
73.771 100.597 108.202
55.887 88.674 65.131
102.087 124.442 78.606
75.261 116.990 106.894
61.848 70.790 121.705
70.790 52.906 106.834
127.423 94.635 86.013
114.010 46.945 69.601
49.926 91.655 90.394
90.165 61.848 106.803
61.848 72.281 53.278
85.694 61.848 75.490
51.416 79.732 91.889
82.713 76.752 48.435
70.790 99.106 87.184
90.165 103.577 87.184
96.126 114.010 88.674
128.913 88.674 108.048
114.010 97.616 111.029
96.126 73.771 114.010
85.694 125.932 116.990
72.281 70.790 118.481
76.752 96.126 122.952
125.932 108.048 140.835
109.539 55.887 57.377
63.339 103.577 85.694
79.732 55.887 93.145
43.965 112.519 118.481
142.326 82.713 121.461
70.790 46.945 122.952
105.068 72.281 42.779
87.184 122.952 48.435
109.539 87.184 49.926
115.500 103.577 60.358
88.674 73.771 73.771
72.281 118.481 79.732
118.481 52.906 84.203
67.810 61.848 96.126
112.519 78.242 112.519
97.616 85.694 112.519
64.829 103.577 125.932
111.029 78.242 127.423
91.655 128.913 96.400
63.339 70.790 47.143
82.713 96.126 84.373
124.442 81.223 66.488
94.635 118.481 106.721
78.242 121.461 78.504
72.281 84.203 118.914
55.887 114.010 99.375
81.223 100.597 105.278
58.868 70.790 63.722
87.184 97.616 63.617
64.829 97.616 106.707
125.932 105.068 100.925
82.713 136.365 100.813
111.029 91.655 38.198
112.519 90.165 77.090
82.713 40.984 112.765
111.029 73.771 81.441
82.713 103.577 78.554
94.635 67.810 48.618
93.145 115.500 71.098
76.752 91.655 38.152
130.403 97.616 81.393
55.887 111.029 75.469
127.423 91.655 83.150
124.442 106.558 94.939
91.655 130.403 60.545
58.868 121.461 111.203
91.655 85.694 78.391
60.358 90.165 111.299
91.655 51.416 60.565
118.481 55.887 65.141
79.732 84.203 66.581
81.223 39.494 115.743
103.577 85.694 103.798
119.971 78.242 108.223
140.835 94.635 90.448
73.771 57.377 71.087
54.397 91.655 114.295
111.029 109.539 80.073
125.932 81.223 56.104
99.106 81.223 115.674
91.655 63.339 53.216
87.184 54.397 97.788
64.829 121.461 123.134
93.145 127.423 81.627
121.461 81.223 51.582
91.655 97.616 73.953
128.913 118.481 121.653
49.926 81.223 97.830
72.281 60.358 102.354
69.300 82.713 48.686
49.926 82.713 65.000
70.790 93.145 79.963
115.500 76.752 45.744
42.474 96.126 72.542
122.952 76.752 112.889
112.519 122.952 100.869
97.616 73.771 53.148
79.732 128.913 93.379
49.926 118.481 100.821
87.184 78.242 82.882
102.087 69.300 120.191
102.087 61.848 54.620
85.694 82.713 35.188
55.887 97.616 97.822
67.810 118.481 48.720
93.145 58.868 103.845
58.868 64.829 123.250
58.868 102.087 79.960
87.184 128.913 132.174
100.597 94.635 44.309
55.887 94.635 102.318
97.616 109.539 44.161
93.145 58.868 96.445
118.481 91.655 118.722
91.655 102.087 41.222
134.874 100.597 80.022
99.106 112.519 84.362
69.300 94.635 108.219
105.068 108.048 41.193
75.261 75.261 41.206
79.732 58.868 79.938
127.423 93.145 103.762
81.223 70.790 42.693
116.990 109.539 48.620
121.461 88.674 108.293
76.752 64.829 132.196
128.913 103.577 99.356
87.184 90.165 60.668
115.500 82.713 44.152
94.635 84.203 47.191
58.868 105.068 62.066
121.461 85.694 56.180
85.694 118.481 72.576
106.558 100.597 72.510
61.848 76.752 81.477
81.223 63.339 62.120
66.319 122.952 48.671
69.300 55.887 105.279
96.126 88.674 30.723
73.771 134.874 71.132
121.461 109.539 90.416
102.087 72.281 118.679
99.106 72.281 114.231
61.848 87.184 118.756
90.165 87.184 54.723
58.868 112.519 57.609
55.887 76.752 77.023
136.365 97.616 79.970
137.855 84.203 108.267
93.145 124.442 92.010
119.971 70.790 54.671
88.674 96.126 39.494
82.713 114.010 94.635
103.577 58.868 97.897
45.455 99.106 118.481
67.810 75.261 139.345
73.771 128.913 139.345
55.887 78.242 106.558
70.790 78.242 52.906
96.126 99.106 64.829
112.519 114.010 67.810
60.358 67.810 73.771
99.106 102.087 88.674
96.126 61.848 119.971
75.261 121.461 126.083
55.887 82.713 136.365
118.481 75.261 51.618
48.435 100.597 78.242
45.455 72.281 81.223
87.184 46.945 87.184
82.713 111.029 93.145
111.029 140.835 116.990
124.442 75.261 118.481
66.319 73.771 124.442
84.203 115.500 125.932
128.913 106.558 139.345
70.790 102.087 143.816
57.377 87.184 57.377
38.003 78.242 63.339
55.887 84.203 91.655
63.339 60.358 100.597
97.616 54.397 112.519
60.358 122.952 121.461
109.539 55.887 139.345
84.203 73.771 49.926
90.165 118.481 49.926
115.500 88.674 58.868
79.732 115.500 58.868
58.868 91.655 62.137
57.377 69.300 73.771
73.771 139.345 76.752
87.184 51.416 78.242
134.874 87.184 78.242
97.616 91.655 82.713
61.848 106.558 82.713
109.539 73.771 87.184
111.029 79.732 87.184
79.732 108.048 109.539
115.500 124.442 109.539
93.145 73.771 121.461
73.771 82.713 124.442
116.990 97.616 124.442
76.752 105.068 124.442
109.539 119.971 148.287
100.597 87.184 105.275
112.519 72.281 39.640
106.729 55.887 93.542
112.519 109.539 51.718
81.223 93.145 42.709
72.281 70.790 48.669
46.945 90.165 103.813
81.223 115.500 50.079
52.906 103.577 65.070
85.694 112.519 80.037
61.848 58.868 91.864
108.048 114.010 111.268
108.048 94.635 53.089
142.326 84.203 112.885
84.203 45.455 118.764
124.442 75.261 109.794
103.577 109.539 108.253
81.223 85.694 44.236
84.203 45.455 109.815
106.558 63.339 106.877
79.732 100.597 44.230
45.455 82.713 67.978
118.481 82.713 82.963
88.674 112.519 90.487
128.913 88.674 103.834
118.481 84.203 106.697
57.377 109.539 99.389
72.281 125.932 136.639
73.771 94.635 84.474
97.616 125.932 105.330
90.165 58.868 115.678
121.461 91.655 112.798
99.106 96.126 69.612
66.319 63.339 84.460
57.377 93.145 66.683
84.203 96.126 54.657
111.029 84.203 84.640
122.952 94.635 96.331
127.423 75.261 78.474
76.752 75.261 38.220
85.694 75.261 68.056
46.945 96.126 90.541
114.010 72.281 130.630
99.106 100.597 35.226
78.242 38.003 117.225
93.145 82.713 78.381
75.261 66.319 75.507
72.281 103.577 82.950
112.519 136.365 115.747
76.752 118.481 121.682
72.281 96.126 108.213
66.319 118.481 135.053
64.829 124.442 114.307
79.732 66.319 42.696
91.655 118.481 109.809
115.500 119.971 53.173
109.539 66.319 140.835
70.790 142.326 79.732
102.087 103.577 88.674
93.145 109.539 90.165
70.790 85.694 91.655
99.106 63.339 94.935
108.048 146.797 118.481
103.577 139.345 121.461
103.577 106.558 122.952
67.810 112.519 142.326
67.810 103.577 145.306
100.597 90.165 85.694
99.106 96.126 112.519
81.223 75.261 125.932
55.887 90.165 84.486
87.184 48.435 63.616
116.990 54.397 59.002
76.752 108.048 120.251
100.597 57.377 133.602
121.461 94.635 103.971
115.500 118.481 87.376
136.365 75.261 111.266
118.481 103.577 48.682
73.771 108.048 39.681
109.539 90.165 84.488
94.635 112.519 84.451
108.048 67.810 48.601
63.339 84.203 111.350
69.300 93.145 75.555
128.913 94.635 75.509
70.790 88.674 105.302
66.319 115.500 45.738
67.810 111.029 47.224
76.752 38.003 114.166
90.165 93.145 73.950
69.300 75.261 109.795
63.339 91.655 47.118
91.655 118.481 60.596
48.435 78.242 63.483
96.126 106.558 84.508
94.635 97.616 57.651
81.223 84.203 105.285
97.616 139.345 69.600
91.655 60.358 112.783
58.868 94.635 108.323
